-- phpMyAdmin SQL Dump
-- version 5.2.1
-- https://www.phpmyadmin.net/
--
-- Servidor: 127.0.0.1
-- Tiempo de generación: 23-04-2024 a las 14:15:47
-- Versión del servidor: 10.4.32-MariaDB
-- Versión de PHP: 8.2.12

SET SQL_MODE = "NO_AUTO_VALUE_ON_ZERO";
START TRANSACTION;
SET time_zone = "+00:00";


/*!40101 SET @OLD_CHARACTER_SET_CLIENT=@@CHARACTER_SET_CLIENT */;
/*!40101 SET @OLD_CHARACTER_SET_RESULTS=@@CHARACTER_SET_RESULTS */;
/*!40101 SET @OLD_COLLATION_CONNECTION=@@COLLATION_CONNECTION */;
/*!40101 SET NAMES utf8mb4 */;

--
-- Base de datos: `ventasvxt`
--

-- --------------------------------------------------------

--
-- Estructura de tabla para la tabla `condicion`
--

CREATE TABLE `condicion` (
  `planes` varchar(250) NOT NULL
) ENGINE=InnoDB DEFAULT CHARSET=utf8mb4 COLLATE=utf8mb4_general_ci;

--
-- Volcado de datos para la tabla `condicion`
--

INSERT INTO `condicion` (`planes`) VALUES
('PREPAGO'),
('ABONO');

-- --------------------------------------------------------

--
-- Estructura de tabla para la tabla `datosusuarios`
--

CREATE TABLE `datosusuarios` (
  `id` int(11) NOT NULL,
  `nombre` varchar(250) NOT NULL,
  `apellido` varchar(250) NOT NULL,
  `correo` int(11) NOT NULL,
  `contrasena` varchar(300) NOT NULL,
  `encrypt` varchar(300) NOT NULL,
  `levelclient` int(11) NOT NULL
) ENGINE=InnoDB DEFAULT CHARSET=utf8mb4 COLLATE=utf8mb4_general_ci;

-- --------------------------------------------------------

--
-- Estructura de tabla para la tabla `empresa`
--

CREATE TABLE `empresa` (
  `COMPANIA` varchar(500) NOT NULL
) ENGINE=InnoDB DEFAULT CHARSET=utf8mb4 COLLATE=utf8mb4_general_ci;

--
-- Volcado de datos para la tabla `empresa`
--

INSERT INTO `empresa` (`COMPANIA`) VALUES
('CLARO'),
('PERSONAL');

-- --------------------------------------------------------

--
-- Estructura de tabla para la tabla `historialegresos`
--

CREATE TABLE `historialegresos` (
  `id` int(11) NOT NULL,
  `cliente` varchar(250) NOT NULL,
  `fecha` timestamp NOT NULL DEFAULT current_timestamp() ON UPDATE current_timestamp(),
  `estado` varchar(120) NOT NULL
) ENGINE=InnoDB DEFAULT CHARSET=utf8mb4 COLLATE=utf8mb4_general_ci;

--
-- Volcado de datos para la tabla `historialegresos`
--

INSERT INTO `historialegresos` (`id`, `cliente`, `fecha`, `estado`) VALUES
(1, 'rodrigobecerra@vxt.com', '2024-04-18 14:13:58', 'EGRESO'),
(2, 'martinaballesteros@vxt.com', '2024-04-18 14:15:02', 'EGRESO'),
(3, '', '2024-04-18 16:39:04', 'EGRESO'),
(4, 'mariaperez@vxt.com', '2024-04-18 18:36:00', 'EGRESO'),
(5, 'martinaballesteros@vxt.com', '2024-04-18 19:02:53', 'EGRESO'),
(6, 'rodrigobecerra@vxt.com', '2024-04-19 12:49:50', 'EGRESO'),
(7, 'martinaballesteros@vxt.com', '2024-04-19 12:52:30', 'EGRESO'),
(8, '', '2024-04-19 13:22:43', 'EGRESO'),
(9, '', '2024-04-19 13:22:45', 'EGRESO'),
(10, 'aixaperoyan@vxt.com', '2024-04-19 13:24:55', 'EGRESO'),
(11, 'rodrigobecerra@vxt.com', '2024-04-19 13:51:44', 'EGRESO'),
(12, 'martinaballesteros@vxt.com', '2024-04-19 13:53:36', 'EGRESO'),
(13, 'martinaballesteros@vxt.com', '2024-04-19 15:08:52', 'EGRESO'),
(14, 'martinsuarez@vxt.com', '2024-04-19 19:19:52', 'EGRESO'),
(15, 'rodrigobecerra@vxt.com', '2024-04-19 19:55:47', 'EGRESO'),
(16, '', '2024-04-22 13:44:55', 'EGRESO'),
(17, 'Gabriel', '2024-04-22 14:18:14', 'EGRESO'),
(18, '', '2024-04-22 14:42:46', 'EGRESO'),
(19, 'martinaballesteros@vxt.com', '2024-04-22 15:28:03', 'EGRESO'),
(20, 'rodrigobecerra@vxt.com', '2024-04-23 03:00:05', 'EGRESO'),
(21, 'rodrigobecerra@vxt.com', '2024-04-23 03:04:58', 'EGRESO');

-- --------------------------------------------------------

--
-- Estructura de tabla para la tabla `historialingresos`
--

CREATE TABLE `historialingresos` (
  `id` int(11) NOT NULL,
  `cliente` varchar(250) NOT NULL,
  `fecha` timestamp NOT NULL DEFAULT current_timestamp() ON UPDATE current_timestamp(),
  `estado` varchar(20) NOT NULL
) ENGINE=InnoDB DEFAULT CHARSET=utf8mb4 COLLATE=utf8mb4_general_ci;

--
-- Volcado de datos para la tabla `historialingresos`
--

INSERT INTO `historialingresos` (`id`, `cliente`, `fecha`, `estado`) VALUES
(7, 'rodrigobecerra@vxt.com', '2024-04-16 14:31:00', 'INGRESO'),
(8, 'martinaballesteros@vxt.com', '2024-04-16 14:56:53', 'INGRESO'),
(9, 'Gabriel', '2024-04-16 15:05:42', 'INGRESO'),
(10, 'renatabresuti@vxt.com ', '2024-04-16 15:10:00', 'INGRESO'),
(11, 'Maria', '2024-04-16 18:24:13', 'INGRESO'),
(12, 'renatabresuti@vxt.com', '2024-04-17 13:10:45', 'INGRESO'),
(13, 'martinaballesteros@vxt.com', '2024-04-17 13:12:13', 'INGRESO'),
(14, 'Gabriel', '2024-04-17 13:15:45', 'INGRESO'),
(15, 'martinsuarez@vxt.com', '2024-04-17 13:39:41', 'INGRESO'),
(16, 'mariaperez@vxt.com', '2024-04-17 13:40:02', 'INGRESO'),
(17, 'martinsuarez@vxt.com', '2024-04-17 13:40:13', 'INGRESO'),
(18, 'aixaperoyan@vxt.com', '2024-04-17 14:02:59', 'INGRESO'),
(19, 'aixaperoyan@vxt.comrodrigo', '2024-04-17 14:03:16', 'INGRESO'),
(20, 'aixaperoyan@vxt.com', '2024-04-17 14:03:36', 'INGRESO'),
(21, 'aixaperoyan@vxt.com', '2024-04-17 14:04:50', 'INGRESO'),
(22, 'martinaballesteros@vxt.com', '2024-04-17 16:37:18', 'INGRESO'),
(23, 'mariaperez@vxt.com', '2024-04-17 16:39:21', 'INGRESO'),
(24, 'martinaballesteros@vxt.com', '2024-04-17 16:49:09', 'INGRESO'),
(25, 'martinsuarez@vxt.com', '2024-04-17 16:57:02', 'INGRESO'),
(26, 'mariaperez@vxt.com', '2024-04-17 16:57:02', 'INGRESO'),
(27, 'renatabresuti@vxt.com', '2024-04-17 18:40:56', 'INGRESO'),
(28, 'rodrigobecerra@vxt.com', '2024-04-18 12:31:30', 'INGRESO'),
(29, 'aixaperoyan@vxt.com', '2024-04-18 13:08:20', 'INGRESO'),
(30, 'aixaperoyan@vxt.com', '2024-04-18 13:09:11', 'INGRESO'),
(31, 'martinaballesteros@vxt.com', '2024-04-18 13:09:18', 'INGRESO'),
(32, 'mariaperez@vxt.com', '2024-04-18 13:09:42', 'INGRESO'),
(33, 'renatabresuti@vxt.com', '2024-04-18 13:11:56', 'INGRESO'),
(34, 'renataberuti@vxt.com', '2024-04-18 13:22:22', 'INGRESO'),
(35, 'renataberuti@vxt.com', '2024-04-18 13:22:40', 'INGRESO'),
(36, 'renatabresuti@vxt.com', '2024-04-18 13:23:59', 'INGRESO'),
(37, 'mariaperez@vxt.com', '2024-04-18 14:12:03', 'INGRESO'),
(38, 'rodrigobecerra@vxt.com', '2024-04-18 14:13:09', 'INGRESO'),
(39, 'rodrigobecerra@vxt.com', '2024-04-18 14:14:02', 'INGRESO'),
(40, 'martinaballesteros@vxt.com', '2024-04-18 14:15:06', 'INGRESO'),
(41, 'martinsuarez@vxt.com', '2024-04-18 16:39:16', 'INGRESO'),
(42, 'Gabriel', '2024-04-18 18:26:32', 'INGRESO'),
(43, 'rodrigobecerra@vxt.com', '2024-04-19 12:10:51', 'INGRESO'),
(44, 'martinaballesteros@vxt.com', '2024-04-19 12:50:04', 'INGRESO'),
(45, 'rodrigobecerra@vxt.com', '2024-04-19 12:52:34', 'INGRESO'),
(46, 'renatabresuti@vxt.com', '2024-04-19 13:02:50', 'INGRESO'),
(47, 'aixaperoyan@vxt.com', '2024-04-19 13:06:03', 'INGRESO'),
(48, 'mariaperez@vxt.com', '2024-04-19 13:15:15', 'INGRESO'),
(49, 'martinsuarez@vxt.com', '2024-04-19 13:22:53', 'INGRESO'),
(50, 'aixaperoyan@vxt.com', '2024-04-19 13:25:05', 'INGRESO'),
(51, 'martinaballesteros@vxt.com', '2024-04-19 13:51:54', 'INGRESO'),
(52, 'rodrigobecerra@vxt.com', '2024-04-19 13:53:46', 'INGRESO'),
(53, 'martinaballesteros@vxt.com', '2024-04-19 14:42:57', 'INGRESO'),
(54, 'martinaballesteros@vxt.com', '2024-04-19 15:04:59', 'INGRESO'),
(55, 'martinaballesteros@vxt.com', '2024-04-22 13:11:17', 'INGRESO'),
(56, 'renatabresuti@vxt.com', '2024-04-22 13:12:21', 'INGRESO'),
(57, 'mariaperez@vxt.com', '2024-04-22 13:16:46', 'INGRESO'),
(58, 'rodrigobecerra@vxt.com', '2024-04-22 13:44:58', 'INGRESO'),
(59, 'Gabriel', '2024-04-22 14:17:58', 'INGRESO'),
(60, 'martinaballesteros@vxt.com', '2024-04-22 14:18:23', 'INGRESO'),
(61, 'renatabresuti@vxt.com', '2024-04-22 14:42:51', 'INGRESO'),
(62, 'renatabresuti@vxt.com', '2024-04-22 15:40:22', 'INGRESO'),
(63, 'rodrigobecerra@vxt.com', '2024-04-23 02:57:19', 'INGRESO'),
(64, 'rodrigobecerra@vxt.com', '2024-04-23 03:03:23', 'INGRESO'),
(65, 'rodrigobecerra@vxt.com', '2024-04-23 12:13:09', 'INGRESO');

-- --------------------------------------------------------

--
-- Estructura de tabla para la tabla `listaventastotal`
--

CREATE TABLE `listaventastotal` (
  `id` int(11) NOT NULL,
  `vendedor` varchar(250) NOT NULL,
  `linea` varchar(250) NOT NULL,
  `nombrecliente` varchar(250) NOT NULL,
  `fechanacimientocliente` varchar(250) NOT NULL,
  `documentocliente` varchar(250) NOT NULL,
  `cantidadlineas` varchar(250) NOT NULL,
  `producto` varchar(250) NOT NULL,
  `score` varchar(250) NOT NULL,
  `fechacarga` date NOT NULL,
  `estado` varchar(250) NOT NULL,
  `comentarios` varchar(2500) NOT NULL
) ENGINE=InnoDB DEFAULT CHARSET=utf8mb4 COLLATE=utf8mb4_general_ci;

-- --------------------------------------------------------

--
-- Estructura de tabla para la tabla `productos`
--

CREATE TABLE `productos` (
  `producto` varchar(250) NOT NULL
) ENGINE=InnoDB DEFAULT CHARSET=utf8mb4 COLLATE=utf8mb4_general_ci;

--
-- Volcado de datos para la tabla `productos`
--

INSERT INTO `productos` (`producto`) VALUES
('﻿3GB'),
('6GB'),
('10GB'),
('15GB'),
('25GB'),
('CORPO 3GB'),
('CORPO 5GB'),
('CORPO 10GB'),
('CORPO 15GB'),
('CORPO 30GB'),
('FIBRA PYME 100'),
('FIBRA PYME 300'),
('FIBRA PYME 500'),
('FIBRA PYME 700'),
('FIBRA PYME 1GB'),
('FIBRA 100 MG'),
('FIBRA 300 mg'),
('FIBRA 500 MG'),
('FIBRA 700 MG'),
('FIBRA 1 GIGA');

-- --------------------------------------------------------

--
-- Estructura de tabla para la tabla `usuarios`
--

CREATE TABLE `usuarios` (
  `id` int(11) NOT NULL,
  `nombre` varchar(250) NOT NULL,
  `dni` varchar(20) NOT NULL,
  `correo` varchar(100) NOT NULL,
  `equipo` varchar(120) NOT NULL,
  `level` int(11) NOT NULL,
  `contrasena` varchar(250) NOT NULL,
  `passencrypt` varchar(250) NOT NULL
) ENGINE=InnoDB DEFAULT CHARSET=utf8mb4 COLLATE=utf8mb4_general_ci;

--
-- Volcado de datos para la tabla `usuarios`
--

INSERT INTO `usuarios` (`id`, `nombre`, `dni`, `correo`, `equipo`, `level`, `contrasena`, `passencrypt`) VALUES
(2, 'Maria', '', '', '', 0, '123', '6116afedcb0bc31083935c1c262ff4c9'),
(4, 'Martina', '', '', '', 0, '123', '6116afedcb0bc31083935c1c262ff4c9'),
(5, 'Simon', '', '', '', 0, '123', '6116afedcb0bc31083935c1c262ff4c9'),
(7, 'rodrigobecerra@vxt.com', '', '', 'ADMINISTRACION', 1, 'VxT2024', '09444930ae1081fb23846aa3c6c2623d'),
(22, '', '', '', 'DARIO', 0, '', ''),
(23, '', '', '', 'GABRIEL', 0, '', ''),
(24, 'Gabriel', '40068922', 'gonzalezcastellvigabriel@gmail.com', 'ADMINISTRACION', 1, '123', '6116afedcb0bc31083935c1c262ff4c9'),
(28, 'GABRIELGONZALEZCASTELLVI@VXT.COM', '', '', 'DARIO', 0, '123', '6116afedcb0bc31083935c1c262ff4c9'),
(32, '', '', '', 'RODRIGO', 0, '', ''),
(33, 'Gabriel@vxt.com', '', '', 'RODRIGO', 0, '123', '6116afedcb0bc31083935c1c262ff4c9'),
(35, 'Eber', '', '', 'ADMINISTRACION', 1, '123', '6116afedcb0bc31083935c1c262ff4c9'),
(36, 'martinaballesteros@vxt.com', '', '', 'RODRIGO', 0, 'VxT2024', '09444930ae1081fb23846aa3c6c2623d'),
(38, 'renatabresuti@vxt.com', '', '', 'RODRIGO', 0, 'VxT2024', '09444930ae1081fb23846aa3c6c2623d'),
(39, 'mariaperez@vxt.com', '', '', 'RODRIGO', 0, 'VxT2024', '09444930ae1081fb23846aa3c6c2623d'),
(40, 'martinsuarez@vxt.com', '', '', 'RODRIGO', 0, 'VxT2024', '09444930ae1081fb23846aa3c6c2623d'),
(41, 'aixaperoyan@vxt.com', '', '', 'RODRIGO', 0, 'VxT2024', '09444930ae1081fb23846aa3c6c2623d');

-- --------------------------------------------------------

--
-- Estructura de tabla para la tabla `usuarioseliminados`
--

CREATE TABLE `usuarioseliminados` (
  `id` int(11) NOT NULL,
  `nombre` varchar(250) NOT NULL,
  `dni` varchar(20) NOT NULL,
  `correo` varchar(100) NOT NULL,
  `equipo` varchar(120) NOT NULL,
  `level` int(11) NOT NULL,
  `contrasena` varchar(250) NOT NULL,
  `passencrypt` varchar(250) NOT NULL
) ENGINE=InnoDB DEFAULT CHARSET=utf8mb4 COLLATE=utf8mb4_general_ci;

--
-- Volcado de datos para la tabla `usuarioseliminados`
--

INSERT INTO `usuarioseliminados` (`id`, `nombre`, `dni`, `correo`, `equipo`, `level`, `contrasena`, `passencrypt`) VALUES
(31, 'tomasquipildor@vxt.com', '', '', 'DARIO', 0, '123', '6116afedcb0bc31083935c1c262ff4c9'),
(37, 'dario@vxt.com', '', '', 'DARIO', 2, 'DarioVxT2024', '38a4c5348deb9e3d7ed43555f8b7a43f'),
(6, 'Sergio', '', '', 'ADMINISTRACION', 1, '123', '6116afedcb0bc31083935c1c262ff4c9');

-- --------------------------------------------------------

--
-- Estructura de tabla para la tabla `ventas`
--

CREATE TABLE `ventas` (
  `id` int(11) NOT NULL,
  `vendedor` varchar(300) NOT NULL,
  `producto` varchar(250) NOT NULL,
  `linea` varchar(300) NOT NULL,
  `empresa` varchar(250) NOT NULL,
  `tipo` varchar(30) NOT NULL,
  `nombrecliente` varchar(250) NOT NULL,
  `fechanacimientocliente` date NOT NULL,
  `documentocliente` varchar(500) NOT NULL,
  `cuitcliente` varchar(120) NOT NULL,
  `numeroalternativo` varchar(300) NOT NULL,
  `email` varchar(120) NOT NULL,
  `planes` varchar(300) NOT NULL,
  `score` varchar(300) NOT NULL,
  `verificacion` varchar(120) NOT NULL,
  `fechacarga` date NOT NULL,
  `calle` varchar(500) NOT NULL,
  `numero` varchar(500) NOT NULL,
  `piso` varchar(500) NOT NULL,
  `dpto` varchar(500) NOT NULL,
  `entrecalles` varchar(500) NOT NULL,
  `provincia` varchar(500) NOT NULL,
  `localidad` varchar(500) NOT NULL,
  `codigopostal` varchar(500) NOT NULL,
  `coordenadas` varchar(500) NOT NULL,
  `linkgooglemaps` varchar(500) NOT NULL,
  `tarjetacredito` varchar(250) NOT NULL,
  `central` varchar(250) NOT NULL,
  `manzanaregistro` varchar(250) NOT NULL,
  `comentarios` varchar(500) NOT NULL,
  `estadoventa` varchar(120) NOT NULL,
  `numerosolicitud` int(120) NOT NULL,
  `archivo` varchar(500) NOT NULL,
  `fechaportacion` varchar(120) NOT NULL
) ENGINE=InnoDB DEFAULT CHARSET=utf8mb4 COLLATE=utf8mb4_general_ci;

--
-- Volcado de datos para la tabla `ventas`
--

INSERT INTO `ventas` (`id`, `vendedor`, `producto`, `linea`, `empresa`, `tipo`, `nombrecliente`, `fechanacimientocliente`, `documentocliente`, `cuitcliente`, `numeroalternativo`, `email`, `planes`, `score`, `verificacion`, `fechacarga`, `calle`, `numero`, `piso`, `dpto`, `entrecalles`, `provincia`, `localidad`, `codigopostal`, `coordenadas`, `linkgooglemaps`, `tarjetacredito`, `central`, `manzanaregistro`, `comentarios`, `estadoventa`, `numerosolicitud`, `archivo`, `fechaportacion`) VALUES
(4, 'martinaballesteros@vxt.com', 'PORTA', '2612059225', 'CLARO', '', 'Melisa Nordestrom', '1985-07-20', '31549384', '27315493841', '2615099462', 'melisa.nordestrom@yahoo.com', 'CORPO 5GB', '360', '', '2024-04-16', 'Guillermo Cano ', '948', '-', '-', 'Cochabamba y Dr Coni', 'Mendoza', 'Guaymallen ', '5521', '-32.91324320833103, -68.7964546153421', 'https://www.google.com/maps/place/Guillermo+Cano+948,+Mendoza/@-32.9133603,-68.7989866,17z/data=!3m1!4b1!4m6!3m5!1s0x967e0ea650c7c76f:0x8420a24c12ff08ce!8m2!3d-32.9133648!4d-68.7964117!16s%2Fg%2F11h7b5fsjb?entry=ttu', '', '', '', '', 'INGRESADA TASA', 422138, 'WhatsApp Image 2024-04-16 at 11.57.40 (1).jpeg', ''),
(5, 'martinaballesteros@vxt.com', 'PORTA', '2612059225', 'CLARO', '', 'Melisa Nordestrom', '1985-07-20', '31549384', '27315493841', '2615099462', 'melisa.nordestrom@yahoo.com', 'CORPO 5GB', '360', '', '2024-04-16', 'Guillermo Cano ', '948', '-', '-', 'Cochabamba y Dr Coni', 'Mendoza', 'Guaymallen ', '5521', '-32.91324320833103, -68.7964546153421', 'https://www.google.com/maps/place/Guillermo+Cano+948,+Mendoza/@-32.9133603,-68.7989866,17z/data=!3m1!4b1!4m6!3m5!1s0x967e0ea650c7c76f:0x8420a24c12ff08ce!8m2!3d-32.9133648!4d-68.7964117!16s%2Fg%2F11h7b5fsjb?entry=ttu', '', '', '', '', 'INGRESADA TASA', 422138, 'WhatsApp Image 2024-04-16 at 11.57.40.jpeg', ''),
(6, 'martinaballesteros@vxt.com', 'PORTA', '2612059225', 'CLARO', '', 'Melisa Nordestrom', '1985-07-20', '31549384', '27315493841', '2615099462', 'melisa.nordestrom@yahoo.com', 'CORPO 5GB', '360', '', '2024-04-16', 'Guillermo Cano ', '948', '-', '-', 'Cochabamba y Dr Coni', 'Mendoza', 'Guaymallen ', '5521', '-32.91324320833103, -68.7964546153421', 'https://www.google.com/maps/place/Guillermo+Cano+948,+Mendoza/@-32.9133603,-68.7989866,17z/data=!3m1!4b1!4m6!3m5!1s0x967e0ea650c7c76f:0x8420a24c12ff08ce!8m2!3d-32.9133648!4d-68.7964117!16s%2Fg%2F11h7b5fsjb?entry=ttu', '', '', '', '', 'INGRESADA TASA', 422138, 'AFIP - Administración Federal de Ingresos Públicos Melisaaa.pdf', ''),
(7, 'martinaballesteros@vxt.com', 'PORTA', '2612059225', 'CLARO', '', 'Melisa Nordestrom', '1985-07-20', '31549384', '27315493841', '2615099462', 'melisa.nordestrom@yahoo.com', 'CORPO 5GB', '360', '', '2024-04-16', 'Guillermo Cano ', '948', '-', '-', 'Cochabamba y Dr Coni', 'Mendoza', 'Guaymallen ', '5521', '-32.91324320833103, -68.7964546153421', 'https://www.google.com/maps/place/Guillermo+Cano+948,+Mendoza/@-32.9133603,-68.7989866,17z/data=!3m1!4b1!4m6!3m5!1s0x967e0ea650c7c76f:0x8420a24c12ff08ce!8m2!3d-32.9133648!4d-68.7964117!16s%2Fg%2F11h7b5fsjb?entry=ttu', '', '', '', '', 'INGRESADA TASA', 422138, 'factura-claro-02-2024 (18).pdf', ''),
(8, 'martinaballesteros@vxt.com', 'PORTA', '1140239086', 'PERSONAL', '', 'Ana Victoria Cohen', '1981-05-08', '28755282', '27287552829', '1165391296', 'avcprofe48@gmail.com', 'CORPO 10GB', '360', '', '2024-04-16', 'Carlos Gardel', '2637', '-', '-', 'av 64 y C Jose Clemente', 'Buenos Aires', 'Villa Libertad', '1650', '-34.58420398883041, -58.558521334839', 'https://www.google.com/maps/place/Carlos+Gardel+2637,+B1650+Villa+Libertad,+Provincia+de+Buenos+Aires/@-34.5845286,-58.5597176,18z/data=!4m6!3m5!1s0x95bcb9d43dc54447:0x61f18808465db9d4!8m2!3d-34.5842614!4d-58.5585267!16s%2Fg%2F11h7s09zpx?entry=ttu', '', '', '', 'Linea Personal Abono', 'INGRESADA TASA', 422187, 'WhatsApp Image 2024-04-16 at 14.43.43.jpeg', ''),
(9, 'martinaballesteros@vxt.com', 'PORTA', '1140239086', 'PERSONAL', '', 'Ana Victoria Cohen', '1981-05-08', '28755282', '27287552829', '1165391296', 'avcprofe48@gmail.com', 'CORPO 10GB', '360', '', '2024-04-16', 'Carlos Gardel', '2637', '-', '-', 'av 64 y C Jose Clemente', 'Buenos Aires', 'Villa Libertad', '1650', '-34.58420398883041, -58.558521334839', 'https://www.google.com/maps/place/Carlos+Gardel+2637,+B1650+Villa+Libertad,+Provincia+de+Buenos+Aires/@-34.5845286,-58.5597176,18z/data=!4m6!3m5!1s0x95bcb9d43dc54447:0x61f18808465db9d4!8m2!3d-34.5842614!4d-58.5585267!16s%2Fg%2F11h7s09zpx?entry=ttu', '', '', '', 'Linea Personal Abono', 'INGRESADA TASA', 422187, 'WhatsApp Image 2024-04-16 at 14.43.00.jpeg', ''),
(10, 'martinaballesteros@vxt.com', 'PORTA', '1140239086', 'PERSONAL', '', 'Ana Victoria Cohen', '1981-05-08', '28755282', '27287552829', '1165391296', 'avcprofe48@gmail.com', 'CORPO 10GB', '360', '', '2024-04-16', 'Carlos Gardel', '2637', '-', '-', 'av 64 y C Jose Clemente', 'Buenos Aires', 'Villa Libertad', '1650', '-34.58420398883041, -58.558521334839', 'https://www.google.com/maps/place/Carlos+Gardel+2637,+B1650+Villa+Libertad,+Provincia+de+Buenos+Aires/@-34.5845286,-58.5597176,18z/data=!4m6!3m5!1s0x95bcb9d43dc54447:0x61f18808465db9d4!8m2!3d-34.5842614!4d-58.5585267!16s%2Fg%2F11h7s09zpx?entry=ttu', '', '', '', 'Linea Personal Abono', 'INGRESADA TASA', 422187, 'Mi Personal Flow(4).pdf', ''),
(11, 'martinaballesteros@vxt.com', 'PORTA', '1140239086', 'PERSONAL', '', 'Ana Victoria Cohen', '1981-05-08', '28755282', '27287552829', '1165391296', 'avcprofe48@gmail.com', 'CORPO 10GB', '360', '', '2024-04-16', 'Carlos Gardel', '2637', '-', '-', 'av 64 y C Jose Clemente', 'Buenos Aires', 'Villa Libertad', '1650', '-34.58420398883041, -58.558521334839', 'https://www.google.com/maps/place/Carlos+Gardel+2637,+B1650+Villa+Libertad,+Provincia+de+Buenos+Aires/@-34.5845286,-58.5597176,18z/data=!4m6!3m5!1s0x95bcb9d43dc54447:0x61f18808465db9d4!8m2!3d-34.5842614!4d-58.5585267!16s%2Fg%2F11h7s09zpx?entry=ttu', '', '', '', 'Linea Personal Abono', 'INGRESADA TASA', 422187, 'AFIP - Administración Federal de Ingresos Públicos cohen.pdf', ''),
(12, 'renatabresuti@vxt.com', 'PORTA', '1167252252', 'CLARO', '', 'MENDEZ NICOLAS HERNAN', '1992-04-06', '36300288', '23363002889', '1151529062', 'h.mendez2632@gmail.com', 'CORPO 10GB', '80', '1', '2024-04-16', 'av 25 de mayo ', '145', '', '', 'mariano moreno y rodriguez peña', 'BUENOS AIRES', 'SAN VICENTE ', '1865', '-35.022676436849174, -58.42199448918892', 'https://maps.app.goo.gl/7QknKazPXok293hA7', '', '', '', 'Adjunto comprobante///SC 80', 'CANCELADA', 0, 'WhatsApp Image 2024-04-16 at 14.17.45.jpeg', ''),
(13, 'renatabresuti@vxt.com', 'PORTA', '1167252252', 'CLARO', '', 'MENDEZ NICOLAS HERNAN', '1992-04-06', '36300288', '23363002889', '1151529062', 'h.mendez2632@gmail.com', 'CORPO 10GB', '80', '1', '2024-04-16', 'av 25 de mayo ', '145', '', '', 'mariano moreno y rodriguez peña', 'BUENOS AIRES', 'SAN VICENTE ', '1865', '-35.022676436849174, -58.42199448918892', 'https://maps.app.goo.gl/7QknKazPXok293hA7', '', '', '', 'Adjunto comprobante///SC 80', 'CANCELADA', 0, 'WhatsApp Image 2024-04-16 at 15.19.20.jpeg', ''),
(14, 'renatabresuti@vxt.com', 'PORTA', '1167252252', 'CLARO', '', 'MENDEZ NICOLAS HERNAN', '1992-04-06', '36300288', '23363002889', '1151529062', 'h.mendez2632@gmail.com', 'CORPO 10GB', '80', '1', '2024-04-16', 'av 25 de mayo ', '145', '', '', 'mariano moreno y rodriguez peña', 'BUENOS AIRES', 'SAN VICENTE ', '1865', '-35.022676436849174, -58.42199448918892', 'https://maps.app.goo.gl/7QknKazPXok293hA7', '', '', '', 'Adjunto comprobante///SC 80', 'CANCELADA', 0, 'WhatsApp Image 2024-04-16 at 15.19.05.jpeg', ''),
(15, 'renatabresuti@vxt.com', 'PORTA', '1167252252', 'CLARO', '', 'MENDEZ NICOLAS HERNAN', '1992-04-06', '36300288', '23363002889', '1151529062', 'h.mendez2632@gmail.com', 'CORPO 10GB', '80', '1', '2024-04-16', 'av 25 de mayo ', '145', '', '', 'mariano moreno y rodriguez peña', 'BUENOS AIRES', 'SAN VICENTE ', '1865', '-35.022676436849174, -58.42199448918892', 'https://maps.app.goo.gl/7QknKazPXok293hA7', '', '', '', 'Adjunto comprobante///SC 80', 'CANCELADA', 0, 'WhatsApp Image 2024-04-16 at 11.32.13 (1).jpeg', ''),
(16, 'renatabresuti@vxt.com', 'PORTA', '1167252252', 'CLARO', '', 'MENDEZ NICOLAS HERNAN', '1992-04-06', '36300288', '23363002889', '1151529062', 'h.mendez2632@gmail.com', 'CORPO 10GB', '80', '1', '2024-04-16', 'av 25 de mayo ', '145', '', '', 'mariano moreno y rodriguez peña', 'BUENOS AIRES', 'SAN VICENTE ', '1865', '-35.022676436849174, -58.42199448918892', 'https://maps.app.goo.gl/7QknKazPXok293hA7', '', '', '', 'Adjunto comprobante///SC 80', 'CANCELADA', 0, 'AFIP NICOLAS MENDEZ.pdf', ''),
(17, 'martinaballesteros@vxt.com', 'PORTA', '1136627459', 'CLARO', '', 'Patricio Damian Ferreyra ', '1972-05-11', '22708905', '23227089059', '1156525132', 'patriciodamianferreyra@gmail.com', 'CORPO 5GB', '720', 'Todo el dia', '2024-04-17', 'Manuel de Serratea', '388 / 390 ', '-', '-', 'Juan Jose Catelli y Domingo French', 'Buenos Aires', 'Moron', '1708', '', 'https://www.google.com/maps/place/Manuel+de+Sarratea+388,+B1708IJH+Mor%C3%B3n,+Provincia+de+Buenos+Aires/@-34.6523414,-58.6125221,17z/data=!3m1!4b1!4m6!3m5!1s0x95bcc77a982d0d75:0xb3e56e24e4488247!8m2!3d-34.6523458!4d-58.6099472!16s%2Fg%2F11jym2wzrh?entry=ttu', '', '', '', '6 lineas ligadas   1136627459 linea principal\r\n 1123130966\r\n1123401759\r\n1139533376\r\n1149282026\r\n1156525132', 'CUMPLIDA', 422397, 'AFIP - Administración Federal de Ingresos Públicos Damiaaan.pdf', '2024-04-26'),
(18, 'martinaballesteros@vxt.com', 'PORTA', '1123130966', 'CLARO', '', 'Patricio Damian Ferreyra ', '1972-05-11', '22708905', '23227089059', '1156525132', 'patriciodamianferreyra@gmail.com', 'CORPO 5GB', '720', 'Todo el dia', '2024-04-17', 'Manuel de Serratea', '388 / 390 ', '-', '-', 'Juan Jose Catelli y Domingo French', 'Buenos Aires', 'Moron', '1708', '', 'https://www.google.com/maps/place/Manuel+de+Sarratea+388,+B1708IJH+Mor%C3%B3n,+Provincia+de+Buenos+Aires/@-34.6523414,-58.6125221,17z/data=!3m1!4b1!4m6!3m5!1s0x95bcc77a982d0d75:0xb3e56e24e4488247!8m2!3d-34.6523458!4d-58.6099472!16s%2Fg%2F11jym2wzrh?entry=ttu', '', '', '', '6 lineas ligadas   1136627459 linea principal\r\n 1123130966\r\n1123401759\r\n1139533376\r\n1149282026\r\n1156525132', 'CUMPLIDA', 422398, 'WhatsApp Image 2024-04-17 at 12.53.41.jpeg', '2024-04-26'),
(19, 'martinaballesteros@vxt.com', 'PORTA', '1139533376', 'CLARO', '', 'Patricio Damian Ferreyra ', '1972-05-11', '22708905', '23227089059', '1156525132', 'patriciodamianferreyra@gmail.com', 'CORPO 5GB', '720', 'Todo el dia', '2024-04-17', 'Manuel de Serratea', '388 / 390 ', '-', '-', 'Juan Jose Catelli y Domingo French', 'Buenos Aires', 'Moron', '1708', '', 'https://www.google.com/maps/place/Manuel+de+Sarratea+388,+B1708IJH+Mor%C3%B3n,+Provincia+de+Buenos+Aires/@-34.6523414,-58.6125221,17z/data=!3m1!4b1!4m6!3m5!1s0x95bcc77a982d0d75:0xb3e56e24e4488247!8m2!3d-34.6523458!4d-58.6099472!16s%2Fg%2F11jym2wzrh?entry=ttu', '', '', '', '6 lineas ligadas   1136627459 linea principal\r\n 1123130966\r\n1123401759\r\n1139533376\r\n1149282026\r\n1156525132', 'CUMPLIDA', 422399, 'WhatsApp Image 2024-04-17 at 12.53.28.jpeg', '2024-04-26'),
(20, 'martinaballesteros@vxt.com', 'PORTA', '1149282026', 'CLARO', '', 'Patricio Damian Ferreyra ', '1972-05-11', '22708905', '23227089059', '1156525132', 'patriciodamianferreyra@gmail.com', 'CORPO 5GB', '720', 'Todo el dia', '2024-04-17', 'Manuel de Serratea', '388 / 390 ', '-', '-', 'Juan Jose Catelli y Domingo French', 'Buenos Aires', 'Moron', '1708', '', 'https://www.google.com/maps/place/Manuel+de+Sarratea+388,+B1708IJH+Mor%C3%B3n,+Provincia+de+Buenos+Aires/@-34.6523414,-58.6125221,17z/data=!3m1!4b1!4m6!3m5!1s0x95bcc77a982d0d75:0xb3e56e24e4488247!8m2!3d-34.6523458!4d-58.6099472!16s%2Fg%2F11jym2wzrh?entry=ttu', '', '', '', '6 lineas ligadas   1136627459 linea principal\r\n 1123130966\r\n1123401759\r\n1139533376\r\n1149282026\r\n1156525132', 'CUMPLIDA', 422400, 'WhatsApp Image 2024-04-17 at 12.38.36.jpeg', '2024-04-26'),
(21, 'martinaballesteros@vxt.com', 'PORTA', '1156525132', 'CLARO', '', 'Patricio Damian Ferreyra ', '1972-05-11', '22708905', '23227089059', '1156525132', 'patriciodamianferreyra@gmail.com', 'CORPO 5GB', '720', 'Todo el dia', '2024-04-17', 'Manuel de Serratea', '388 / 390 ', '-', '-', 'Juan Jose Catelli y Domingo French', 'Buenos Aires', 'Moron', '1708', '', 'https://www.google.com/maps/place/Manuel+de+Sarratea+388,+B1708IJH+Mor%C3%B3n,+Provincia+de+Buenos+Aires/@-34.6523414,-58.6125221,17z/data=!3m1!4b1!4m6!3m5!1s0x95bcc77a982d0d75:0xb3e56e24e4488247!8m2!3d-34.6523458!4d-58.6099472!16s%2Fg%2F11jym2wzrh?entry=ttu', '', '', '', '6 lineas ligadas   1136627459 linea principal\r\n 1123130966\r\n1123401759\r\n1139533376\r\n1149282026\r\n1156525132', 'CUMPLIDA', 422401, 'AFIP - Administración Federal de Ingresos Públicos Damiaaan.pdf', '2024-04-26'),
(22, 'martinaballesteros@vxt.com', 'PORTA', '1123401759', 'CLARO', '', 'Patricio Damian Ferreyra ', '1972-05-11', '22708905', '23227089059', '1156525132', 'patriciodamianferreyra@gmail.com', 'CORPO 5GB', '720', 'Todo el dia', '2024-04-17', 'Manuel de Serratea', '388 / 390 ', '-', '-', 'Juan Jose Catelli y Domingo French', 'Buenos Aires', 'Moron', '1708', '', 'https://www.google.com/maps/place/Manuel+de+Sarratea+388,+B1708IJH+Mor%C3%B3n,+Provincia+de+Buenos+Aires/@-34.6523414,-58.6125221,17z/data=!3m1!4b1!4m6!3m5!1s0x95bcc77a982d0d75:0xb3e56e24e4488247!8m2!3d-34.6523458!4d-58.6099472!16s%2Fg%2F11jym2wzrh?entry=ttu', '', '', '', '6 lineas ligadas   1136627459 linea principal\r\n 1123130966\r\n1123401759\r\n1139533376\r\n1149282026\r\n1156525132', 'CUMPLIDA', 422402, 'WhatsApp Image 2024-04-17 at 12.53.41.jpeg', '2024-04-26'),
(23, 'martinaballesteros@vxt.com', 'PORTA', '1136627459', 'CLARO', '', 'Patricio Damian Ferreyra ', '1972-05-11', '22708905', '23227089059', '1156525132', 'patriciodamianferreyra@gmail.com', 'CORPO 5GB', '720', 'Todo el dia', '2024-04-17', 'Manuel de Serratea', '388 / 390 ', '-', '-', 'Juan Jose Catelli y Domingo French', 'Buenos Aires', 'Moron', '1708', '', 'https://www.google.com/maps/place/Manuel+de+Sarratea+388,+B1708IJH+Mor%C3%B3n,+Provincia+de+Buenos+Aires/@-34.6523414,-58.6125221,17z/data=!3m1!4b1!4m6!3m5!1s0x95bcc77a982d0d75:0xb3e56e24e4488247!8m2!3d-34.6523458!4d-58.6099472!16s%2Fg%2F11jym2wzrh?entry=ttu', '', '', '', '6 lineas ligadas   1136627459 linea principal\r\n 1123130966\r\n1123401759\r\n1139533376\r\n1149282026\r\n1156525132', 'CUMPLIDA', 422397, 'WhatsApp Image 2024-04-17 at 12.53.28.jpeg', '2024-04-26'),
(24, 'martinaballesteros@vxt.com', 'PORTA', '1136627459', 'CLARO', '', 'Patricio Damian Ferreyra ', '1972-05-11', '22708905', '23227089059', '1156525132', 'patriciodamianferreyra@gmail.com', 'CORPO 5GB', '720', 'Todo el dia', '2024-04-17', 'Manuel de Serratea', '388 / 390 ', '-', '-', 'Juan Jose Catelli y Domingo French', 'Buenos Aires', 'Moron', '1708', '', 'https://www.google.com/maps/place/Manuel+de+Sarratea+388,+B1708IJH+Mor%C3%B3n,+Provincia+de+Buenos+Aires/@-34.6523414,-58.6125221,17z/data=!3m1!4b1!4m6!3m5!1s0x95bcc77a982d0d75:0xb3e56e24e4488247!8m2!3d-34.6523458!4d-58.6099472!16s%2Fg%2F11jym2wzrh?entry=ttu', '', '', '', '6 lineas ligadas   1136627459 linea principal\r\n 1123130966\r\n1123401759\r\n1139533376\r\n1149282026\r\n1156525132', 'CUMPLIDA', 422397, 'WhatsApp Image 2024-04-17 at 12.38.36.jpeg', '2024-04-26'),
(25, 'martinaballesteros@vxt.com', 'PORTA', '1136627459', 'CLARO', '', 'Patricio Damian Ferreyra ', '1972-05-11', '22708905', '23227089059', '1156525132', 'patriciodamianferreyra@gmail.com', 'CORPO 5GB', '720', 'Todo el dia', '2024-04-17', 'Manuel de Serratea', '388 / 390 ', '-', '-', 'Juan Jose Catelli y Domingo French', 'Buenos Aires', 'Moron', '1708', '', 'https://www.google.com/maps/place/Manuel+de+Sarratea+388,+B1708IJH+Mor%C3%B3n,+Provincia+de+Buenos+Aires/@-34.6523414,-58.6125221,17z/data=!3m1!4b1!4m6!3m5!1s0x95bcc77a982d0d75:0xb3e56e24e4488247!8m2!3d-34.6523458!4d-58.6099472!16s%2Fg%2F11jym2wzrh?entry=ttu', '', '', '', '6 lineas ligadas   1136627459 linea principal\r\n 1123130966\r\n1123401759\r\n1139533376\r\n1149282026\r\n1156525132', 'CUMPLIDA', 422397, 'AFIP - Administración Federal de Ingresos Públicos Damiaaan.pdf', '2024-04-26'),
(26, 'martinaballesteros@vxt.com', 'PORTA', '1136627459', 'CLARO', '', 'Patricio Damian Ferreyra ', '1972-05-11', '22708905', '23227089059', '1156525132', 'patriciodamianferreyra@gmail.com', 'CORPO 5GB', '720', 'Todo el dia', '2024-04-17', 'Manuel de Serratea', '388 / 390 ', '-', '-', 'Juan Jose Catelli y Domingo French', 'Buenos Aires', 'Moron', '1708', '', 'https://www.google.com/maps/place/Manuel+de+Sarratea+388,+B1708IJH+Mor%C3%B3n,+Provincia+de+Buenos+Aires/@-34.6523414,-58.6125221,17z/data=!3m1!4b1!4m6!3m5!1s0x95bcc77a982d0d75:0xb3e56e24e4488247!8m2!3d-34.6523458!4d-58.6099472!16s%2Fg%2F11jym2wzrh?entry=ttu', '', '', '', '6 lineas ligadas   1136627459 linea principal\r\n 1123130966\r\n1123401759\r\n1139533376\r\n1149282026\r\n1156525132', 'CUMPLIDA', 422397, 'WhatsApp Image 2024-04-17 at 12.53.41.jpeg', '2024-04-26'),
(27, 'martinaballesteros@vxt.com', 'PORTA', '1136627459', 'CLARO', '', 'Patricio Damian Ferreyra ', '1972-05-11', '22708905', '23227089059', '1156525132', 'patriciodamianferreyra@gmail.com', 'CORPO 5GB', '720', 'Todo el dia', '2024-04-17', 'Manuel de Serratea', '388 / 390 ', '-', '-', 'Juan Jose Catelli y Domingo French', 'Buenos Aires', 'Moron', '1708', '', 'https://www.google.com/maps/place/Manuel+de+Sarratea+388,+B1708IJH+Mor%C3%B3n,+Provincia+de+Buenos+Aires/@-34.6523414,-58.6125221,17z/data=!3m1!4b1!4m6!3m5!1s0x95bcc77a982d0d75:0xb3e56e24e4488247!8m2!3d-34.6523458!4d-58.6099472!16s%2Fg%2F11jym2wzrh?entry=ttu', '', '', '', '6 lineas ligadas   1136627459 linea principal\r\n 1123130966\r\n1123401759\r\n1139533376\r\n1149282026\r\n1156525132', 'CUMPLIDA', 422397, 'WhatsApp Image 2024-04-17 at 12.53.28.jpeg', '2024-04-26'),
(28, 'martinaballesteros@vxt.com', 'PORTA', '1136627459', 'CLARO', '', 'Patricio Damian Ferreyra ', '1972-05-11', '22708905', '23227089059', '1156525132', 'patriciodamianferreyra@gmail.com', 'CORPO 5GB', '720', 'Todo el dia', '2024-04-17', 'Manuel de Serratea', '388 / 390 ', '-', '-', 'Juan Jose Catelli y Domingo French', 'Buenos Aires', 'Moron', '1708', '', 'https://www.google.com/maps/place/Manuel+de+Sarratea+388,+B1708IJH+Mor%C3%B3n,+Provincia+de+Buenos+Aires/@-34.6523414,-58.6125221,17z/data=!3m1!4b1!4m6!3m5!1s0x95bcc77a982d0d75:0xb3e56e24e4488247!8m2!3d-34.6523458!4d-58.6099472!16s%2Fg%2F11jym2wzrh?entry=ttu', '', '', '', '6 lineas ligadas   1136627459 linea principal\r\n 1123130966\r\n1123401759\r\n1139533376\r\n1149282026\r\n1156525132', 'CUMPLIDA', 422397, 'WhatsApp Image 2024-04-17 at 12.38.36.jpeg', '2024-04-26'),
(29, 'martinaballesteros@vxt.com', 'PORTA', '1136627459', 'CLARO', '', 'Patricio Damian Ferreyra ', '1972-05-11', '22708905', '23227089059', '1156525132', 'patriciodamianferreyra@gmail.com', 'CORPO 5GB', '720', 'Todo el dia', '2024-04-17', 'Manuel de Serratea', '388 / 390 ', '-', '-', 'Juan Jose Catelli y Domingo French', 'Buenos Aires', 'Moron', '1708', '', 'https://www.google.com/maps/place/Manuel+de+Sarratea+388,+B1708IJH+Mor%C3%B3n,+Provincia+de+Buenos+Aires/@-34.6523414,-58.6125221,17z/data=!3m1!4b1!4m6!3m5!1s0x95bcc77a982d0d75:0xb3e56e24e4488247!8m2!3d-34.6523458!4d-58.6099472!16s%2Fg%2F11jym2wzrh?entry=ttu', '', '', '', '6 lineas ligadas   1136627459 linea principal\r\n 1123130966\r\n1123401759\r\n1139533376\r\n1149282026\r\n1156525132', 'CUMPLIDA', 422397, 'AFIP - Administración Federal de Ingresos Públicos Damiaaan.pdf', '2024-04-26'),
(30, 'martinaballesteros@vxt.com', 'PORTA', '1136627459', 'CLARO', '', 'Patricio Damian Ferreyra ', '1972-05-11', '22708905', '23227089059', '1156525132', 'patriciodamianferreyra@gmail.com', 'CORPO 5GB', '720', 'Todo el dia', '2024-04-17', 'Manuel de Serratea', '388 / 390 ', '-', '-', 'Juan Jose Catelli y Domingo French', 'Buenos Aires', 'Moron', '1708', '', 'https://www.google.com/maps/place/Manuel+de+Sarratea+388,+B1708IJH+Mor%C3%B3n,+Provincia+de+Buenos+Aires/@-34.6523414,-58.6125221,17z/data=!3m1!4b1!4m6!3m5!1s0x95bcc77a982d0d75:0xb3e56e24e4488247!8m2!3d-34.6523458!4d-58.6099472!16s%2Fg%2F11jym2wzrh?entry=ttu', '', '', '', '6 lineas ligadas   1136627459 linea principal\r\n 1123130966\r\n1123401759\r\n1139533376\r\n1149282026\r\n1156525132', 'CUMPLIDA', 422397, 'WhatsApp Image 2024-04-17 at 12.53.41.jpeg', '2024-04-26'),
(31, 'martinaballesteros@vxt.com', 'PORTA', '1136627459', 'CLARO', '', 'Patricio Damian Ferreyra ', '1972-05-11', '22708905', '23227089059', '1156525132', 'patriciodamianferreyra@gmail.com', 'CORPO 5GB', '720', 'Todo el dia', '2024-04-17', 'Manuel de Serratea', '388 / 390 ', '-', '-', 'Juan Jose Catelli y Domingo French', 'Buenos Aires', 'Moron', '1708', '', 'https://www.google.com/maps/place/Manuel+de+Sarratea+388,+B1708IJH+Mor%C3%B3n,+Provincia+de+Buenos+Aires/@-34.6523414,-58.6125221,17z/data=!3m1!4b1!4m6!3m5!1s0x95bcc77a982d0d75:0xb3e56e24e4488247!8m2!3d-34.6523458!4d-58.6099472!16s%2Fg%2F11jym2wzrh?entry=ttu', '', '', '', '6 lineas ligadas   1136627459 linea principal\r\n 1123130966\r\n1123401759\r\n1139533376\r\n1149282026\r\n1156525132', 'CUMPLIDA', 422397, 'WhatsApp Image 2024-04-17 at 12.53.28.jpeg', '2024-04-26'),
(32, 'martinaballesteros@vxt.com', 'PORTA', '1136627459', 'CLARO', '', 'Patricio Damian Ferreyra ', '1972-05-11', '22708905', '23227089059', '1156525132', 'patriciodamianferreyra@gmail.com', 'CORPO 5GB', '720', 'Todo el dia', '2024-04-17', 'Manuel de Serratea', '388 / 390 ', '-', '-', 'Juan Jose Catelli y Domingo French', 'Buenos Aires', 'Moron', '1708', '', 'https://www.google.com/maps/place/Manuel+de+Sarratea+388,+B1708IJH+Mor%C3%B3n,+Provincia+de+Buenos+Aires/@-34.6523414,-58.6125221,17z/data=!3m1!4b1!4m6!3m5!1s0x95bcc77a982d0d75:0xb3e56e24e4488247!8m2!3d-34.6523458!4d-58.6099472!16s%2Fg%2F11jym2wzrh?entry=ttu', '', '', '', '6 lineas ligadas   1136627459 linea principal\r\n 1123130966\r\n1123401759\r\n1139533376\r\n1149282026\r\n1156525132', 'CUMPLIDA', 422397, 'WhatsApp Image 2024-04-17 at 12.38.36.jpeg', '2024-04-26'),
(33, 'martinaballesteros@vxt.com', 'PORTA', '1136627459', 'CLARO', '', 'Patricio Damian Ferreyra ', '1972-05-11', '22708905', '23227089059', '1156525132', 'patriciodamianferreyra@gmail.com', 'CORPO 5GB', '720', 'Todo el dia', '2024-04-17', 'Manuel de Serratea', '388 / 390 ', '-', '-', 'Juan Jose Catelli y Domingo French', 'Buenos Aires', 'Moron', '1708', '', 'https://www.google.com/maps/place/Manuel+de+Sarratea+388,+B1708IJH+Mor%C3%B3n,+Provincia+de+Buenos+Aires/@-34.6523414,-58.6125221,17z/data=!3m1!4b1!4m6!3m5!1s0x95bcc77a982d0d75:0xb3e56e24e4488247!8m2!3d-34.6523458!4d-58.6099472!16s%2Fg%2F11jym2wzrh?entry=ttu', '', '', '', '6 lineas ligadas   1136627459 linea principal\r\n 1123130966\r\n1123401759\r\n1139533376\r\n1149282026\r\n1156525132', 'CUMPLIDA', 422397, 'AFIP - Administración Federal de Ingresos Públicos Damiaaan.pdf', '2024-04-26'),
(34, 'martinaballesteros@vxt.com', 'PORTA', '1136627459', 'CLARO', '', 'Patricio Damian Ferreyra ', '1972-05-11', '22708905', '23227089059', '1156525132', 'patriciodamianferreyra@gmail.com', 'CORPO 5GB', '720', 'Todo el dia', '2024-04-17', 'Manuel de Serratea', '388 / 390 ', '-', '-', 'Juan Jose Catelli y Domingo French', 'Buenos Aires', 'Moron', '1708', '', 'https://www.google.com/maps/place/Manuel+de+Sarratea+388,+B1708IJH+Mor%C3%B3n,+Provincia+de+Buenos+Aires/@-34.6523414,-58.6125221,17z/data=!3m1!4b1!4m6!3m5!1s0x95bcc77a982d0d75:0xb3e56e24e4488247!8m2!3d-34.6523458!4d-58.6099472!16s%2Fg%2F11jym2wzrh?entry=ttu', '', '', '', '6 lineas ligadas   1136627459 linea principal\r\n 1123130966\r\n1123401759\r\n1139533376\r\n1149282026\r\n1156525132', 'CUMPLIDA', 422397, 'WhatsApp Image 2024-04-17 at 12.53.41.jpeg', '2024-04-26'),
(35, 'martinaballesteros@vxt.com', 'PORTA', '1136627459', 'CLARO', '', 'Patricio Damian Ferreyra ', '1972-05-11', '22708905', '23227089059', '1156525132', 'patriciodamianferreyra@gmail.com', 'CORPO 5GB', '720', 'Todo el dia', '2024-04-17', 'Manuel de Serratea', '388 / 390 ', '-', '-', 'Juan Jose Catelli y Domingo French', 'Buenos Aires', 'Moron', '1708', '', 'https://www.google.com/maps/place/Manuel+de+Sarratea+388,+B1708IJH+Mor%C3%B3n,+Provincia+de+Buenos+Aires/@-34.6523414,-58.6125221,17z/data=!3m1!4b1!4m6!3m5!1s0x95bcc77a982d0d75:0xb3e56e24e4488247!8m2!3d-34.6523458!4d-58.6099472!16s%2Fg%2F11jym2wzrh?entry=ttu', '', '', '', '6 lineas ligadas   1136627459 linea principal\r\n 1123130966\r\n1123401759\r\n1139533376\r\n1149282026\r\n1156525132', 'CUMPLIDA', 422397, 'WhatsApp Image 2024-04-17 at 12.53.28.jpeg', '2024-04-26'),
(36, 'martinaballesteros@vxt.com', 'PORTA', '1136627459', 'CLARO', '', 'Patricio Damian Ferreyra ', '1972-05-11', '22708905', '23227089059', '1156525132', 'patriciodamianferreyra@gmail.com', 'CORPO 5GB', '720', 'Todo el dia', '2024-04-17', 'Manuel de Serratea', '388 / 390 ', '-', '-', 'Juan Jose Catelli y Domingo French', 'Buenos Aires', 'Moron', '1708', '', 'https://www.google.com/maps/place/Manuel+de+Sarratea+388,+B1708IJH+Mor%C3%B3n,+Provincia+de+Buenos+Aires/@-34.6523414,-58.6125221,17z/data=!3m1!4b1!4m6!3m5!1s0x95bcc77a982d0d75:0xb3e56e24e4488247!8m2!3d-34.6523458!4d-58.6099472!16s%2Fg%2F11jym2wzrh?entry=ttu', '', '', '', '6 lineas ligadas   1136627459 linea principal\r\n 1123130966\r\n1123401759\r\n1139533376\r\n1149282026\r\n1156525132', 'CUMPLIDA', 422397, 'WhatsApp Image 2024-04-17 at 12.38.36.jpeg', '2024-04-26'),
(37, 'martinaballesteros@vxt.com', 'PORTA', '1136627459', 'CLARO', '', 'Patricio Damian Ferreyra ', '1972-05-11', '22708905', '23227089059', '1156525132', 'patriciodamianferreyra@gmail.com', 'CORPO 5GB', '720', 'Todo el dia', '2024-04-17', 'Manuel de Serratea', '388 / 390 ', '-', '-', 'Juan Jose Catelli y Domingo French', 'Buenos Aires', 'Moron', '1708', '', 'https://www.google.com/maps/place/Manuel+de+Sarratea+388,+B1708IJH+Mor%C3%B3n,+Provincia+de+Buenos+Aires/@-34.6523414,-58.6125221,17z/data=!3m1!4b1!4m6!3m5!1s0x95bcc77a982d0d75:0xb3e56e24e4488247!8m2!3d-34.6523458!4d-58.6099472!16s%2Fg%2F11jym2wzrh?entry=ttu', '', '', '', '6 lineas ligadas   1136627459 linea principal\r\n 1123130966\r\n1123401759\r\n1139533376\r\n1149282026\r\n1156525132', 'CUMPLIDA', 422397, 'AFIP - Administración Federal de Ingresos Públicos Damiaaan.pdf', '2024-04-26'),
(38, 'martinaballesteros@vxt.com', 'PORTA', '1136627459', 'CLARO', '', 'Patricio Damian Ferreyra ', '1972-05-11', '22708905', '23227089059', '1156525132', 'patriciodamianferreyra@gmail.com', 'CORPO 5GB', '720', 'Todo el dia', '2024-04-17', 'Manuel de Serratea', '388 / 390 ', '-', '-', 'Juan Jose Catelli y Domingo French', 'Buenos Aires', 'Moron', '1708', '', 'https://www.google.com/maps/place/Manuel+de+Sarratea+388,+B1708IJH+Mor%C3%B3n,+Provincia+de+Buenos+Aires/@-34.6523414,-58.6125221,17z/data=!3m1!4b1!4m6!3m5!1s0x95bcc77a982d0d75:0xb3e56e24e4488247!8m2!3d-34.6523458!4d-58.6099472!16s%2Fg%2F11jym2wzrh?entry=ttu', '', '', '', '6 lineas ligadas   1136627459 linea principal\r\n 1123130966\r\n1123401759\r\n1139533376\r\n1149282026\r\n1156525132', 'CUMPLIDA', 422397, 'WhatsApp Image 2024-04-17 at 12.53.41.jpeg', '2024-04-26'),
(39, 'martinaballesteros@vxt.com', 'PORTA', '1136627459', 'CLARO', '', 'Patricio Damian Ferreyra ', '1972-05-11', '22708905', '23227089059', '1156525132', 'patriciodamianferreyra@gmail.com', 'CORPO 5GB', '720', 'Todo el dia', '2024-04-17', 'Manuel de Serratea', '388 / 390 ', '-', '-', 'Juan Jose Catelli y Domingo French', 'Buenos Aires', 'Moron', '1708', '', 'https://www.google.com/maps/place/Manuel+de+Sarratea+388,+B1708IJH+Mor%C3%B3n,+Provincia+de+Buenos+Aires/@-34.6523414,-58.6125221,17z/data=!3m1!4b1!4m6!3m5!1s0x95bcc77a982d0d75:0xb3e56e24e4488247!8m2!3d-34.6523458!4d-58.6099472!16s%2Fg%2F11jym2wzrh?entry=ttu', '', '', '', '6 lineas ligadas   1136627459 linea principal\r\n 1123130966\r\n1123401759\r\n1139533376\r\n1149282026\r\n1156525132', 'CUMPLIDA', 422397, 'WhatsApp Image 2024-04-17 at 12.53.28.jpeg', '2024-04-26'),
(40, 'martinaballesteros@vxt.com', 'PORTA', '1136627459', 'CLARO', '', 'Patricio Damian Ferreyra ', '1972-05-11', '22708905', '23227089059', '1156525132', 'patriciodamianferreyra@gmail.com', 'CORPO 5GB', '720', 'Todo el dia', '2024-04-17', 'Manuel de Serratea', '388 / 390 ', '-', '-', 'Juan Jose Catelli y Domingo French', 'Buenos Aires', 'Moron', '1708', '', 'https://www.google.com/maps/place/Manuel+de+Sarratea+388,+B1708IJH+Mor%C3%B3n,+Provincia+de+Buenos+Aires/@-34.6523414,-58.6125221,17z/data=!3m1!4b1!4m6!3m5!1s0x95bcc77a982d0d75:0xb3e56e24e4488247!8m2!3d-34.6523458!4d-58.6099472!16s%2Fg%2F11jym2wzrh?entry=ttu', '', '', '', '6 lineas ligadas   1136627459 linea principal\r\n 1123130966\r\n1123401759\r\n1139533376\r\n1149282026\r\n1156525132', 'CUMPLIDA', 422397, 'WhatsApp Image 2024-04-17 at 12.38.36.jpeg', '2024-04-26'),
(41, 'mariaperez@vxt.com', 'PORTA', '1141643430', 'CLARO', '', 'GABRIELA FACIO', '1978-12-20', '27056513', '27270565137', '1141643387', 'ailin.facio@gmail.com', 'CORPO 5GB', '908', 'antes de las 12', '2024-04-17', 'Gómez de Fonseca', '508', '', '', 'juan felipe aranguren y moron', 'buenos aires', 'caba', '1407', '-34.630827411861034, -58.491600996505646', 'https://www.google.com/maps/place/Comuna+10,+G%C3%B3mez+de+Fonseca+508,+C1407ATJ+Cdad.+Aut%C3%B3noma+de+Buenos+Aires/@-34.6305659,-58.4926873,19z/data=!4m6!3m5!1s0x95bcc9b8cd4f7f5b:0x452690bc4b50ec71!8m2!3d-34.6308782!4d-58.4915849!16s%2Fg%2F11crtwhyzs?hl=es&entry=ttu', '', '', '', '1141643430 //// gabriela //tt/// informa que no puede hablar que pide llamada solo en la mañ', 'DIFERIDA AUDITORIA', 422419, 'cuit gabriela.pdf', ''),
(42, 'mariaperez@vxt.com', 'PORTA', '1141643430', 'CLARO', '', 'GABRIELA FACIO', '1978-12-20', '27056513', '27270565137', '1141643387', 'ailin.facio@gmail.com', 'CORPO 5GB', '908', 'antes de las 12', '2024-04-17', 'Gómez de Fonseca', '508', '', '', 'juan felipe aranguren y moron', 'buenos aires', 'caba', '1407', '-34.630827411861034, -58.491600996505646', 'https://www.google.com/maps/place/Comuna+10,+G%C3%B3mez+de+Fonseca+508,+C1407ATJ+Cdad.+Aut%C3%B3noma+de+Buenos+Aires/@-34.6305659,-58.4926873,19z/data=!4m6!3m5!1s0x95bcc9b8cd4f7f5b:0x452690bc4b50ec71!8m2!3d-34.6308782!4d-58.4915849!16s%2Fg%2F11crtwhyzs?hl=es&entry=ttu', '', '', '', '1141643430 //// gabriela //tt/// informa que no puede hablar que pide llamada solo en la mañ', 'DIFERIDA AUDITORIA', 422419, 'factura-claro-04-2024.pdf', ''),
(43, 'mariaperez@vxt.com', 'PORTA', '1141643430', 'CLARO', '', 'GABRIELA FACIO', '1978-12-20', '27056513', '27270565137', '1141643387', 'ailin.facio@gmail.com', 'CORPO 5GB', '908', 'antes de las 12', '2024-04-17', 'Gómez de Fonseca', '508', '', '', 'juan felipe aranguren y moron', 'buenos aires', 'caba', '1407', '-34.630827411861034, -58.491600996505646', 'https://www.google.com/maps/place/Comuna+10,+G%C3%B3mez+de+Fonseca+508,+C1407ATJ+Cdad.+Aut%C3%B3noma+de+Buenos+Aires/@-34.6305659,-58.4926873,19z/data=!4m6!3m5!1s0x95bcc9b8cd4f7f5b:0x452690bc4b50ec71!8m2!3d-34.6308782!4d-58.4915849!16s%2Fg%2F11crtwhyzs?hl=es&entry=ttu', '', '', '', '1141643430 //// gabriela //tt/// informa que no puede hablar que pide llamada solo en la mañ', 'DIFERIDA AUDITORIA', 422419, 'WhatsApp Image 2024-04-17 at 1.27.07 PM.jpeg', ''),
(44, 'mariaperez@vxt.com', 'PORTA', '1141643430', 'CLARO', '', 'GABRIELA FACIO', '1978-12-20', '27056513', '27270565137', '1141643387', 'ailin.facio@gmail.com', 'CORPO 5GB', '908', 'antes de las 12', '2024-04-17', 'Gómez de Fonseca', '508', '', '', 'juan felipe aranguren y moron', 'buenos aires', 'caba', '1407', '-34.630827411861034, -58.491600996505646', 'https://www.google.com/maps/place/Comuna+10,+G%C3%B3mez+de+Fonseca+508,+C1407ATJ+Cdad.+Aut%C3%B3noma+de+Buenos+Aires/@-34.6305659,-58.4926873,19z/data=!4m6!3m5!1s0x95bcc9b8cd4f7f5b:0x452690bc4b50ec71!8m2!3d-34.6308782!4d-58.4915849!16s%2Fg%2F11crtwhyzs?hl=es&entry=ttu', '', '', '', '1141643430 //// gabriela //tt/// informa que no puede hablar que pide llamada solo en la mañ', 'DIFERIDA AUDITORIA', 422419, 'WhatsApp Image 2024-04-17 at 1.26.48 PM.jpeg', ''),
(45, 'martinsuarez@vxt.com', 'PORTA', '2644160882', 'CLARO', '', 'MARIA AGOSTINA CLAVERO MUÑOZ', '1991-01-08', '35508493', '27355084936', '2644549145', '35508493mc@gmail.com', 'CORPO 5GB', '351', 'por la mañana', '2024-04-17', 'Alvear', ' 868', '', '', 'tacuari y san lorenzo oeste', 'san juan', 'capital', '5400', '-31.52155752174501, -68.55211753092344', 'https://www.google.com/maps/place/Alvear+868,+San+Juan/@-31.5223927,-68.5530065,17.17z/data=!4m5!3m4!1s0x968141b770ee0c7b:0x5cc7ca5bccf17954!8m2!3d-31.5217934!4d-68.5520595?entry=ttu', '', '', '', 'AUDIO PPAL: N.º: 2644160882 /// persona que responde auditoria: TT /// CLIENTE DESISTE NO QUIERE QUE LE PASEMOS NINGUN PIN DESCONFIA/// DICE QUE VA A IR A UNA SUCURSAL /// RECUPERAR EN EL CASO QUE SEA VENTA CERRADA', 'DEVUELTA X AUDITORIA', 422421, 'AFIP - Administración Federal de Ingresos Públicos AGOSTINA.pdf', ''),
(46, 'martinsuarez@vxt.com', 'PORTA', '2644160882', 'CLARO', '', 'MARIA AGOSTINA CLAVERO MUÑOZ', '1991-01-08', '35508493', '27355084936', '2644549145', '35508493mc@gmail.com', 'CORPO 5GB', '351', 'por la mañana', '2024-04-17', 'Alvear', ' 868', '', '', 'tacuari y san lorenzo oeste', 'san juan', 'capital', '5400', '-31.52155752174501, -68.55211753092344', 'https://www.google.com/maps/place/Alvear+868,+San+Juan/@-31.5223927,-68.5530065,17.17z/data=!4m5!3m4!1s0x968141b770ee0c7b:0x5cc7ca5bccf17954!8m2!3d-31.5217934!4d-68.5520595?entry=ttu', '', '', '', 'AUDIO PPAL: N.º: 2644160882 /// persona que responde auditoria: TT /// CLIENTE DESISTE NO QUIERE QUE LE PASEMOS NINGUN PIN DESCONFIA/// DICE QUE VA A IR A UNA SUCURSAL /// RECUPERAR EN EL CASO QUE SEA VENTA CERRADA', 'DEVUELTA X AUDITORIA', 422421, 'ArchivoAdjunto_202404170141040 Agostina.pdf', ''),
(47, 'martinsuarez@vxt.com', 'PORTA', '2644160882', 'CLARO', '', 'MARIA AGOSTINA CLAVERO MUÑOZ', '1991-01-08', '35508493', '27355084936', '2644549145', '35508493mc@gmail.com', 'CORPO 5GB', '351', 'por la mañana', '2024-04-17', 'Alvear', ' 868', '', '', 'tacuari y san lorenzo oeste', 'san juan', 'capital', '5400', '-31.52155752174501, -68.55211753092344', 'https://www.google.com/maps/place/Alvear+868,+San+Juan/@-31.5223927,-68.5530065,17.17z/data=!4m5!3m4!1s0x968141b770ee0c7b:0x5cc7ca5bccf17954!8m2!3d-31.5217934!4d-68.5520595?entry=ttu', '', '', '', 'AUDIO PPAL: N.º: 2644160882 /// persona que responde auditoria: TT /// CLIENTE DESISTE NO QUIERE QUE LE PASEMOS NINGUN PIN DESCONFIA/// DICE QUE VA A IR A UNA SUCURSAL /// RECUPERAR EN EL CASO QUE SEA VENTA CERRADA', 'DEVUELTA X AUDITORIA', 422421, 'factura-claro-03-2024 (11) AGOSTINA.pdf', ''),
(48, 'renatabresuti@vxt.com', 'PORTA', '1157217472', 'CLARO', '', 'SEBASTIAN ALFREDO MASTROSTEFANO', '1982-05-22', '29542297', '20295422972', '1121193574', 'sebas_mastro82@hotmail.com', 'CORPO 5GB', '676', '13hs', '2024-04-17', 'PJE DR HORACIO CASCO ', '5038 ', '', '', 'ALBARIÑO Y MIRALLA ', 'BUENOS AIRES', 'CABA', '1439', '-34.66428968763714, -58.47928253645786', 'https://maps.app.goo.gl/MngBw2g5Myt1ijWLA', '', '', '', '', 'CUMPLIDA', 422424, 'factura-claro-04-2024 (1).pdf', '2024-04-29'),
(49, 'renatarenatabresuti@vxt.com', 'PORTA', '1157217472', 'CLARO', '', 'SEBASTIAN ALFREDO MASTROSTEFANO', '1982-05-22', '29542297', '20295422972', '1121193574', 'sebas_mastro82@hotmail.com', 'CORPO 5GB', '676', '13hs', '2024-04-17', 'PJE DR HORACIO CASCO ', '5038 ', '', '', 'ALBARIÑO Y MIRALLA ', 'BUENOS AIRES', 'CABA', '1439', '-34.66428968763714, -58.47928253645786', 'https://maps.app.goo.gl/MngBw2g5Myt1ijWLA', '', '', '', '', 'CUMPLIDA', 422424, 'WhatsApp Image 2024-04-17 at 14.27.36.jpeg', '2024-04-29'),
(50, 'renatabresuti@vxt.com', 'PORTA', '1157217472', 'CLARO', '', 'SEBASTIAN ALFREDO MASTROSTEFANO', '1982-05-22', '29542297', '20295422972', '1121193574', 'sebas_mastro82@hotmail.com', 'CORPO 5GB', '676', '13hs', '2024-04-17', 'PJE DR HORACIO CASCO ', '5038 ', '', '', 'ALBARIÑO Y MIRALLA ', 'BUENOS AIRES', 'CABA', '1439', '-34.66428968763714, -58.47928253645786', 'https://maps.app.goo.gl/MngBw2g5Myt1ijWLA', '', '', '', '', 'CUMPLIDA', 422424, 'WhatsApp Image 2024-04-17 at 14.27.50.jpeg', '2024-04-29'),
(51, 'renatabresuti@vxt.com', 'PORTA', '1157217472', 'CLARO', '', 'SEBASTIAN ALFREDO MASTROSTEFANO', '1982-05-22', '29542297', '20295422972', '1121193574', 'sebas_mastro82@hotmail.com', 'CORPO 5GB', '676', '13hs', '2024-04-17', 'PJE DR HORACIO CASCO ', '5038 ', '', '', 'ALBARIÑO Y MIRALLA ', 'BUENOS AIRES', 'CABA', '1439', '-34.66428968763714, -58.47928253645786', 'https://maps.app.goo.gl/MngBw2g5Myt1ijWLA', '', '', '', '', 'CUMPLIDA', 422424, 'AFIP - SEBASTIAN ALFREDO MASTROSTEFANO.pdf', '2024-04-29'),
(52, 'martinaballesteros@vxt.com', 'PORTA', '2996370284', 'CLARO', '', 'Luis Ernesto Nuñez', '1975-12-22', '25113604', '20251136042', '2996371542', 'lnfuser@hotmail.com.ar', 'CORPO 5GB', '360', 'Todo el dia', '2024-04-18', 'julio Roca ', '246', '*', '-', 'Salta y San Martin ', 'Neuquen', 'Cultral Co ', 'Q8322', '', 'https://www.google.com/maps/place/Julio+Argentino+Roca+246,+Q8322+Cutral+Co,+Neuqu%C3%A9n/@-38.9323619,-69.2328165,18z/data=!3m1!4b1!4m6!3m5!1s0x960c68f08cbb510b:0xc001ffded1ca723b!8m2!3d-38.932364!4d-69.231529!16s%2Fg%2F11fmgb0f9g?entry=ttu', '', '', '', '', 'PENDIENTE DE VERIFICACION', 422586, 'AFIP - Administración Federal de Ingresos Públicos Luis.pdf', ''),
(53, 'martinaballesteros@vxt.com', 'PORTA', '2996370284', 'CLARO', '', 'Luis Ernesto Nuñez', '1975-12-22', '25113604', '20251136042', '2996371542', 'lnfuser@hotmail.com.ar', 'CORPO 5GB', '360', 'Todo el dia', '2024-04-18', 'julio Roca ', '246', '*', '-', 'Salta y San Martin ', 'Neuquen', 'Cultral Co ', 'Q8322', '', 'https://www.google.com/maps/place/Julio+Argentino+Roca+246,+Q8322+Cutral+Co,+Neuqu%C3%A9n/@-38.9323619,-69.2328165,18z/data=!3m1!4b1!4m6!3m5!1s0x960c68f08cbb510b:0xc001ffded1ca723b!8m2!3d-38.932364!4d-69.231529!16s%2Fg%2F11fmgb0f9g?entry=ttu', '', '', '', '', 'PENDIENTE DE VERIFICACION', 422586, 'WhatsApp Image 2024-04-18 at 11.20.00.jpeg', ''),
(54, 'martinaballesteros@vxt.com', 'PORTA', '2996370284', 'CLARO', '', 'Luis Ernesto Nuñez', '1975-12-22', '25113604', '20251136042', '2996371542', 'lnfuser@hotmail.com.ar', 'CORPO 5GB', '360', 'Todo el dia', '2024-04-18', 'julio Roca ', '246', '*', '-', 'Salta y San Martin ', 'Neuquen', 'Cultral Co ', 'Q8322', '', 'https://www.google.com/maps/place/Julio+Argentino+Roca+246,+Q8322+Cutral+Co,+Neuqu%C3%A9n/@-38.9323619,-69.2328165,18z/data=!3m1!4b1!4m6!3m5!1s0x960c68f08cbb510b:0xc001ffded1ca723b!8m2!3d-38.932364!4d-69.231529!16s%2Fg%2F11fmgb0f9g?entry=ttu', '', '', '', '', 'PENDIENTE DE VERIFICACION', 422586, 'WhatsApp Image 2024-04-18 at 11.19.54.jpeg', ''),
(55, 'renatabresuti@vxt.com', 'PORTA', '1149919858', 'CLARO', '', 'CARLOS ALBERTO ACOSTA', '1968-04-19', '20152715', '20201527156', '1153046982', 'ACOSTACARLOS68@HOTMAIL.COM.AR', 'CORPO 5GB', '285', '15hs ', '2024-04-18', 'magdalena ', '1086  ', '', '', 'larralde y arredondo', 'BUENOS AIRES', 'villa dominico ', '1874', '-34.70299415510621, -58.33856023521963', 'https://maps.app.goo.gl/GVkHKA9gm72seHF19', '', '', '', 'líneas ligadas 1153046982//1153046851//1162557506//1149919858', 'PENDIENTE DE VERIFICACION', 422590, 'WhatsApp Image 2024-04-18 at 11.25.53 (1).jpeg', ''),
(56, 'renatabresuti@vxt.com', 'PORTA', '1149919858', 'CLARO', '', 'CARLOS ALBERTO ACOSTA', '1968-04-19', '20152715', '20201527156', '1153046982', 'ACOSTACARLOS68@HOTMAIL.COM.AR', 'CORPO 5GB', '285', '15hs ', '2024-04-18', 'magdalena ', '1086  ', '', '', 'larralde y arredondo', 'BUENOS AIRES', 'villa dominico ', '1874', '-34.70299415510621, -58.33856023521963', 'https://maps.app.goo.gl/GVkHKA9gm72seHF19', '', '', '', 'líneas ligadas 1153046982//1153046851//1162557506//1149919858', 'PENDIENTE DE VERIFICACION', 422590, 'WhatsApp Image 2024-04-18 at 11.09.43.jpeg', ''),
(57, 'renatabresuti@vxt.com', 'PORTA', '1149919858', 'CLARO', '', 'CARLOS ALBERTO ACOSTA', '1968-04-19', '20152715', '20201527156', '1153046982', 'ACOSTACARLOS68@HOTMAIL.COM.AR', 'CORPO 5GB', '285', '15hs ', '2024-04-18', 'magdalena ', '1086  ', '', '', 'larralde y arredondo', 'BUENOS AIRES', 'villa dominico ', '1874', '-34.70299415510621, -58.33856023521963', 'https://maps.app.goo.gl/GVkHKA9gm72seHF19', '', '', '', 'líneas ligadas 1153046982//1153046851//1162557506//1149919858', 'PENDIENTE DE VERIFICACION', 422590, 'WhatsApp Image 2024-04-18 at 11.10.02.jpeg', ''),
(58, 'renatabresuti@vxt.com', 'PORTA', '1149919858', 'CLARO', '', 'CARLOS ALBERTO ACOSTA', '1968-04-19', '20152715', '20201527156', '1153046982', 'ACOSTACARLOS68@HOTMAIL.COM.AR', 'CORPO 5GB', '285', '15hs ', '2024-04-18', 'magdalena ', '1086  ', '', '', 'larralde y arredondo', 'BUENOS AIRES', 'villa dominico ', '1874', '-34.70299415510621, -58.33856023521963', 'https://maps.app.goo.gl/GVkHKA9gm72seHF19', '', '', '', 'líneas ligadas 1153046982//1153046851//1162557506//1149919858', 'PENDIENTE DE VERIFICACION', 422590, 'AFIP CARLOS ALBERTO ACOSTA.pdf', ''),
(59, 'renatabresuti@vxt.com', 'PORTA', '1153046982', 'CLARO', '', 'CARLOS ALBERTO ACOSTA', '1968-04-19', '20152715', '20201527156', '1153046982', 'ACOSTACARLOS68@HOTMAIL.COM.AR', 'CORPO 5GB', '285', '15hs ', '2024-04-18', 'magdalena ', '1086  ', '', '', 'larralde y arredondo', 'BUENOS AIRES', 'villa dominico ', '1874', '-34.70299415510621, -58.33856023521963', 'https://maps.app.goo.gl/GVkHKA9gm72seHF19', '', '', '', 'líneas ligadas 1153046982//1153046851//1162557506//1149919858', 'PENDIENTE DE VERIFICACION', 422591, 'WhatsApp Image 2024-04-18 at 11.25.53 (1).jpeg', ''),
(60, 'renatabresuti@vxt.com', 'PORTA', '1153046982', 'CLARO', '', 'CARLOS ALBERTO ACOSTA', '1968-04-19', '20152715', '20201527156', '1153046982', 'ACOSTACARLOS68@HOTMAIL.COM.AR', 'CORPO 5GB', '285', '15hs ', '2024-04-18', 'magdalena ', '1086  ', '', '', 'larralde y arredondo', 'BUENOS AIRES', 'villa dominico ', '1874', '-34.70299415510621, -58.33856023521963', 'https://maps.app.goo.gl/GVkHKA9gm72seHF19', '', '', '', 'líneas ligadas 1153046982//1153046851//1162557506//1149919858', 'PENDIENTE DE VERIFICACION', 422591, 'WhatsApp Image 2024-04-18 at 11.09.43.jpeg', ''),
(61, 'renatabresuti@vxt.com', 'PORTA', '1153046982', 'CLARO', '', 'CARLOS ALBERTO ACOSTA', '1968-04-19', '20152715', '20201527156', '1153046982', 'ACOSTACARLOS68@HOTMAIL.COM.AR', 'CORPO 5GB', '285', '15hs ', '2024-04-18', 'magdalena ', '1086  ', '', '', 'larralde y arredondo', 'BUENOS AIRES', 'villa dominico ', '1874', '-34.70299415510621, -58.33856023521963', 'https://maps.app.goo.gl/GVkHKA9gm72seHF19', '', '', '', 'líneas ligadas 1153046982//1153046851//1162557506//1149919858', 'PENDIENTE DE VERIFICACION', 422591, 'WhatsApp Image 2024-04-18 at 11.10.02.jpeg', ''),
(62, 'renatabresuti@vxt.com', 'PORTA', '1153046982', 'CLARO', '', 'CARLOS ALBERTO ACOSTA', '1968-04-19', '20152715', '20201527156', '1153046982', 'ACOSTACARLOS68@HOTMAIL.COM.AR', 'CORPO 5GB', '285', '15hs ', '2024-04-18', 'magdalena ', '1086  ', '', '', 'larralde y arredondo', 'BUENOS AIRES', 'villa dominico ', '1874', '-34.70299415510621, -58.33856023521963', 'https://maps.app.goo.gl/GVkHKA9gm72seHF19', '', '', '', 'líneas ligadas 1153046982//1153046851//1162557506//1149919858', 'PENDIENTE DE VERIFICACION', 422591, 'AFIP CARLOS ALBERTO ACOSTA.pdf', ''),
(63, 'renatabresuti@vxt.com', 'PORTA', '1153046851', 'CLARO', '', 'CARLOS ALBERTO ACOSTA', '1968-04-19', '20152715', '20201527156', '1153046982', 'ACOSTACARLOS68@HOTMAIL.COM.AR', 'CORPO 5GB', '285', '15hs ', '2024-04-18', 'magdalena ', '1086  ', '', '', 'larralde y arredondo', 'BUENOS AIRES', 'villa dominico ', '1874', '-34.70299415510621, -58.33856023521963', 'https://maps.app.goo.gl/GVkHKA9gm72seHF19', '', '', '', 'líneas ligadas 1153046982//1153046851//1162557506//1149919858', 'PENDIENTE DE VERIFICACION', 422592, 'WhatsApp Image 2024-04-18 at 11.25.53 (1).jpeg', ''),
(64, 'renatabresuti@vxt.com', 'PORTA', '1153046851', 'CLARO', '', 'CARLOS ALBERTO ACOSTA', '1968-04-19', '20152715', '20201527156', '1153046982', 'ACOSTACARLOS68@HOTMAIL.COM.AR', 'CORPO 5GB', '285', '15hs ', '2024-04-18', 'magdalena ', '1086  ', '', '', 'larralde y arredondo', 'BUENOS AIRES', 'villa dominico ', '1874', '-34.70299415510621, -58.33856023521963', 'https://maps.app.goo.gl/GVkHKA9gm72seHF19', '', '', '', 'líneas ligadas 1153046982//1153046851//1162557506//1149919858', 'PENDIENTE DE VERIFICACION', 422592, 'WhatsApp Image 2024-04-18 at 11.09.43.jpeg', ''),
(65, 'renatabresuti@vxt.com', 'PORTA', '1153046851', 'CLARO', '', 'CARLOS ALBERTO ACOSTA', '1968-04-19', '20152715', '20201527156', '1153046982', 'ACOSTACARLOS68@HOTMAIL.COM.AR', 'CORPO 5GB', '285', '15hs ', '2024-04-18', 'magdalena ', '1086  ', '', '', 'larralde y arredondo', 'BUENOS AIRES', 'villa dominico ', '1874', '-34.70299415510621, -58.33856023521963', 'https://maps.app.goo.gl/GVkHKA9gm72seHF19', '', '', '', 'líneas ligadas 1153046982//1153046851//1162557506//1149919858', 'PENDIENTE DE VERIFICACION', 422592, 'WhatsApp Image 2024-04-18 at 11.10.02.jpeg', ''),
(66, 'renatabresuti@vxt.com', 'PORTA', '1153046851', 'CLARO', '', 'CARLOS ALBERTO ACOSTA', '1968-04-19', '20152715', '20201527156', '1153046982', 'ACOSTACARLOS68@HOTMAIL.COM.AR', 'CORPO 5GB', '285', '15hs ', '2024-04-18', 'magdalena ', '1086  ', '', '', 'larralde y arredondo', 'BUENOS AIRES', 'villa dominico ', '1874', '-34.70299415510621, -58.33856023521963', 'https://maps.app.goo.gl/GVkHKA9gm72seHF19', '', '', '', 'líneas ligadas 1153046982//1153046851//1162557506//1149919858', 'PENDIENTE DE VERIFICACION', 422592, 'AFIP CARLOS ALBERTO ACOSTA.pdf', ''),
(67, 'renatabresuti@vxt.com', 'PORTA', '1162557506', 'CLARO', '', 'CARLOS ALBERTO ACOSTA', '1968-04-19', '20152715', '20201527156', '1153046982', 'ACOSTACARLOS68@HOTMAIL.COM.AR', 'CORPO 5GB', '285', '15hs ', '2024-04-18', 'magdalena ', '1086  ', '', '', 'larralde y arredondo', 'BUENOS AIRES', 'villa dominico ', '1874', '-34.70299415510621, -58.33856023521963', 'https://maps.app.goo.gl/GVkHKA9gm72seHF19', '', '', '', 'líneas ligadas 1153046982//1153046851//1162557506//1149919858', 'PENDIENTE DE VERIFICACION', 422593, 'WhatsApp Image 2024-04-18 at 11.25.53 (1).jpeg', ''),
(68, 'renatabresuti@vxt.com', 'PORTA', '1162557506', 'CLARO', '', 'CARLOS ALBERTO ACOSTA', '1968-04-19', '20152715', '20201527156', '1153046982', 'ACOSTACARLOS68@HOTMAIL.COM.AR', 'CORPO 5GB', '285', '15hs ', '2024-04-18', 'magdalena ', '1086  ', '', '', 'larralde y arredondo', 'BUENOS AIRES', 'villa dominico ', '1874', '-34.70299415510621, -58.33856023521963', 'https://maps.app.goo.gl/GVkHKA9gm72seHF19', '', '', '', 'líneas ligadas 1153046982//1153046851//1162557506//1149919858', 'PENDIENTE DE VERIFICACION', 422593, 'WhatsApp Image 2024-04-18 at 11.09.43.jpeg', ''),
(69, 'renatabresuti@vxt.com', 'PORTA', '1162557506', 'CLARO', '', 'CARLOS ALBERTO ACOSTA', '1968-04-19', '20152715', '20201527156', '1153046982', 'ACOSTACARLOS68@HOTMAIL.COM.AR', 'CORPO 5GB', '285', '15hs ', '2024-04-18', 'magdalena ', '1086  ', '', '', 'larralde y arredondo', 'BUENOS AIRES', 'villa dominico ', '1874', '-34.70299415510621, -58.33856023521963', 'https://maps.app.goo.gl/GVkHKA9gm72seHF19', '', '', '', 'líneas ligadas 1153046982//1153046851//1162557506//1149919858', 'PENDIENTE DE VERIFICACION', 422593, 'WhatsApp Image 2024-04-18 at 11.10.02.jpeg', ''),
(70, 'renatabresuti@vxt.com', 'PORTA', '1162557506', 'CLARO', '', 'CARLOS ALBERTO ACOSTA', '1968-04-19', '20152715', '20201527156', '1153046982', 'ACOSTACARLOS68@HOTMAIL.COM.AR', 'CORPO 5GB', '285', '15hs ', '2024-04-18', 'magdalena ', '1086  ', '', '', 'larralde y arredondo', 'BUENOS AIRES', 'villa dominico ', '1874', '-34.70299415510621, -58.33856023521963', 'https://maps.app.goo.gl/GVkHKA9gm72seHF19', '', '', '', 'líneas ligadas 1153046982//1153046851//1162557506//1149919858', 'PENDIENTE DE VERIFICACION', 422593, 'AFIP CARLOS ALBERTO ACOSTA.pdf', ''),
(71, 'martinsuarez@vxt.com', 'PORTA', '1122376040', 'CLARO', '', 'VALENTIN LIZASO', '1988-01-10', '33344999', '23333449994', '1166490767', 'VALENLIZASO@gmail.com', 'CORPO 5GB', '350', 'medio dia ', '2024-04-18', 'Homero', '1772', '', '', 'florida y ruta 8', 'buenos aires', 'del viso ', '1669', '-34.47131923142983, -58.78973807108012', 'https://www.google.com/maps/place/Homero+1772,+B1669EDW+Del+Viso,+Provincia+de+Buenos+Aires/@-34.4715631,-58.792014,16.5z/data=!4m6!3m5!1s0x95bc9923cd3f8907:0x974d8da48edb55b5!8m2!3d-34.4716397!4d-58.7897059!16s%2Fg%2F11l8t50yrd?entry=ttu', '', '', '', '', 'PENDIENTE DE VERIFICACION', 422595, 'AFIP - Administración Federal de Ingresos Públicos (Valentin).pdf', ''),
(72, 'martinsuarez@vxt.com', 'PORTA', '1122376040', 'CLARO', '', 'VALENTIN LIZASO', '1988-01-10', '33344999', '23333449994', '1166490767', 'VALENLIZASO@gmail.com', 'CORPO 5GB', '350', 'medio dia ', '2024-04-18', 'Homero', '1772', '', '', 'florida y ruta 8', 'buenos aires', 'del viso ', '1669', '-34.47131923142983, -58.78973807108012', 'https://www.google.com/maps/place/Homero+1772,+B1669EDW+Del+Viso,+Provincia+de+Buenos+Aires/@-34.4715631,-58.792014,16.5z/data=!4m6!3m5!1s0x95bc9923cd3f8907:0x974d8da48edb55b5!8m2!3d-34.4716397!4d-58.7897059!16s%2Fg%2F11l8t50yrd?entry=ttu', '', '', '', '', 'PENDIENTE DE VERIFICACION', 422595, 'WhatsApp Image 2024-04-17 at 17.38.13 (valentin).jpeg', ''),
(73, 'martinsuarez@vxt.com', 'PORTA', '1122376040', 'CLARO', '', 'VALENTIN LIZASO', '1988-01-10', '33344999', '23333449994', '1166490767', 'VALENLIZASO@gmail.com', 'CORPO 5GB', '350', 'medio dia ', '2024-04-18', 'Homero', '1772', '', '', 'florida y ruta 8', 'buenos aires', 'del viso ', '1669', '-34.47131923142983, -58.78973807108012', 'https://www.google.com/maps/place/Homero+1772,+B1669EDW+Del+Viso,+Provincia+de+Buenos+Aires/@-34.4715631,-58.792014,16.5z/data=!4m6!3m5!1s0x95bc9923cd3f8907:0x974d8da48edb55b5!8m2!3d-34.4716397!4d-58.7897059!16s%2Fg%2F11l8t50yrd?entry=ttu', '', '', '', '', 'PENDIENTE DE VERIFICACION', 422595, 'WhatsApp Image 2024-04-18 at 12.25.37.jpeg', '');
INSERT INTO `ventas` (`id`, `vendedor`, `producto`, `linea`, `empresa`, `tipo`, `nombrecliente`, `fechanacimientocliente`, `documentocliente`, `cuitcliente`, `numeroalternativo`, `email`, `planes`, `score`, `verificacion`, `fechacarga`, `calle`, `numero`, `piso`, `dpto`, `entrecalles`, `provincia`, `localidad`, `codigopostal`, `coordenadas`, `linkgooglemaps`, `tarjetacredito`, `central`, `manzanaregistro`, `comentarios`, `estadoventa`, `numerosolicitud`, `archivo`, `fechaportacion`) VALUES
(74, 'martinsuarez@vxt.com', 'PORTA', '1122376040', 'CLARO', '', 'VALENTIN LIZASO', '1988-01-10', '33344999', '23333449994', '1166490767', 'VALENLIZASO@gmail.com', 'CORPO 5GB', '350', 'medio dia ', '2024-04-18', 'Homero', '1772', '', '', 'florida y ruta 8', 'buenos aires', 'del viso ', '1669', '-34.47131923142983, -58.78973807108012', 'https://www.google.com/maps/place/Homero+1772,+B1669EDW+Del+Viso,+Provincia+de+Buenos+Aires/@-34.4715631,-58.792014,16.5z/data=!4m6!3m5!1s0x95bc9923cd3f8907:0x974d8da48edb55b5!8m2!3d-34.4716397!4d-58.7897059!16s%2Fg%2F11l8t50yrd?entry=ttu', '', '', '', '', 'PENDIENTE DE VERIFICACION', 422595, 'WhatsApp Image 2024-04-18 at 12.28.30.jpeg', ''),
(75, 'martinsuarez@vxt.com', 'PORTA', '1166490767', 'CLARO', '', 'VALENTIN LIZASO', '1988-01-10', '33344999', '23333449994', '1122376040', 'VALENLIZASO@gmail.com', 'CORPO 5GB', '350', 'medio dia ', '2024-04-18', 'Homero', '1772', '', '', 'florida y ruta 8', 'buenos aires', 'del viso ', '1669', '-34.47131923142983, -58.78973807108012', 'https://www.google.com/maps/place/Homero+1772,+B1669EDW+Del+Viso,+Provincia+de+Buenos+Aires/@-34.4715631,-58.792014,16.5z/data=!4m6!3m5!1s0x95bc9923cd3f8907:0x974d8da48edb55b5!8m2!3d-34.4716397!4d-58.7897059!16s%2Fg%2F11l8t50yrd?entry=ttu', '', '', '', '', 'PENDIENTE DE VERIFICACION', 422596, 'AFIP - Administración Federal de Ingresos Públicos (Valentin).pdf', ''),
(76, 'martinsuarez@vxt.com', 'PORTA', '1166490767', 'CLARO', '', 'VALENTIN LIZASO', '1988-01-10', '33344999', '23333449994', '1122376040', 'VALENLIZASO@gmail.com', 'CORPO 5GB', '350', 'medio dia ', '2024-04-18', 'Homero', '1772', '', '', 'florida y ruta 8', 'buenos aires', 'del viso ', '1669', '-34.47131923142983, -58.78973807108012', 'https://www.google.com/maps/place/Homero+1772,+B1669EDW+Del+Viso,+Provincia+de+Buenos+Aires/@-34.4715631,-58.792014,16.5z/data=!4m6!3m5!1s0x95bc9923cd3f8907:0x974d8da48edb55b5!8m2!3d-34.4716397!4d-58.7897059!16s%2Fg%2F11l8t50yrd?entry=ttu', '', '', '', '', 'PENDIENTE DE VERIFICACION', 422596, 'factura-claro-03-2024 (10).pdf', ''),
(77, 'martinsuarez@vxt.com', 'PORTA', '1166490767', 'CLARO', '', 'VALENTIN LIZASO', '1988-01-10', '33344999', '23333449994', '1122376040', 'VALENLIZASO@gmail.com', 'CORPO 5GB', '350', 'medio dia ', '2024-04-18', 'Homero', '1772', '', '', 'florida y ruta 8', 'buenos aires', 'del viso ', '1669', '-34.47131923142983, -58.78973807108012', 'https://www.google.com/maps/place/Homero+1772,+B1669EDW+Del+Viso,+Provincia+de+Buenos+Aires/@-34.4715631,-58.792014,16.5z/data=!4m6!3m5!1s0x95bc9923cd3f8907:0x974d8da48edb55b5!8m2!3d-34.4716397!4d-58.7897059!16s%2Fg%2F11l8t50yrd?entry=ttu', '', '', '', '', 'PENDIENTE DE VERIFICACION', 422596, 'WhatsApp Image 2024-04-18 at 12.25.37.jpeg', ''),
(78, 'martinsuarez@vxt.com', 'PORTA', '1166490767', 'CLARO', '', 'VALENTIN LIZASO', '1988-01-10', '33344999', '23333449994', '1122376040', 'VALENLIZASO@gmail.com', 'CORPO 5GB', '350', 'medio dia ', '2024-04-18', 'Homero', '1772', '', '', 'florida y ruta 8', 'buenos aires', 'del viso ', '1669', '-34.47131923142983, -58.78973807108012', 'https://www.google.com/maps/place/Homero+1772,+B1669EDW+Del+Viso,+Provincia+de+Buenos+Aires/@-34.4715631,-58.792014,16.5z/data=!4m6!3m5!1s0x95bc9923cd3f8907:0x974d8da48edb55b5!8m2!3d-34.4716397!4d-58.7897059!16s%2Fg%2F11l8t50yrd?entry=ttu', '', '', '', '', 'PENDIENTE DE VERIFICACION', 422596, 'WhatsApp Image 2024-04-18 at 12.28.30.jpeg', ''),
(79, 'martinsuarez@vxt.com', 'PORTA', '1167801837', 'CLARO', '', 'JUAN ANTONIO LUNA', '1960-10-26', '14198692', '23141986929', '1167010863', 'juanantonioluna60@hotmail.com', 'CORPO 5GB', '813', 'a las 18:00 hs ', '2024-04-18', 'Diego de Villarroel', '10578', '', '', 'aeronautica argentina y giacomo puccini', 'buenos aires', 'trujui', '1736', '-34.57996043091085, -58.75790680457813', 'https://www.google.com/maps/place/Diego+de+Villarroel+10578,+B1736ERJ+Trujui,+Provincia+de+Buenos+Aires/@-34.5801934,-58.7585747,19z/data=!4m5!3m4!1s0x95bc963f2de870fd:0x5aaa5177f2f41781!8m2!3d-34.579998!4d-58.7579068?entry=ttu', '', '', '', '', 'PENDIENTE DE VERIFICACION', 422614, 'AFIP - Administración Federal de Ingresos Públicos AFIP.pdf', ''),
(80, 'martinsuarez@vxt.com', 'PORTA', '1167801837', 'CLARO', '', 'JUAN ANTONIO LUNA', '1960-10-26', '14198692', '23141986929', '1167010863', 'juanantonioluna60@hotmail.com', 'CORPO 5GB', '813', 'a las 18:00 hs ', '2024-04-18', 'Diego de Villarroel', '10578', '', '', 'aeronautica argentina y giacomo puccini', 'buenos aires', 'trujui', '1736', '-34.57996043091085, -58.75790680457813', 'https://www.google.com/maps/place/Diego+de+Villarroel+10578,+B1736ERJ+Trujui,+Provincia+de+Buenos+Aires/@-34.5801934,-58.7585747,19z/data=!4m5!3m4!1s0x95bc963f2de870fd:0x5aaa5177f2f41781!8m2!3d-34.579998!4d-58.7579068?entry=ttu', '', '', '', '', 'PENDIENTE DE VERIFICACION', 422614, 'factura-claro-03-2024 (1) (1).pdf', ''),
(81, 'martinsuarez@vxt.com', 'PORTA', '1167801837', 'CLARO', '', 'JUAN ANTONIO LUNA', '1960-10-26', '14198692', '23141986929', '1167010863', 'juanantonioluna60@hotmail.com', 'CORPO 5GB', '813', 'a las 18:00 hs ', '2024-04-18', 'Diego de Villarroel', '10578', '', '', 'aeronautica argentina y giacomo puccini', 'buenos aires', 'trujui', '1736', '-34.57996043091085, -58.75790680457813', 'https://www.google.com/maps/place/Diego+de+Villarroel+10578,+B1736ERJ+Trujui,+Provincia+de+Buenos+Aires/@-34.5801934,-58.7585747,19z/data=!4m5!3m4!1s0x95bc963f2de870fd:0x5aaa5177f2f41781!8m2!3d-34.579998!4d-58.7579068?entry=ttu', '', '', '', '', 'PENDIENTE DE VERIFICACION', 422614, 'WhatsApp Image 2024-04-18 at 14.24.20.jpeg', ''),
(82, 'martinsuarez@vxt.com', 'PORTA', '1167801837', 'CLARO', '', 'JUAN ANTONIO LUNA', '1960-10-26', '14198692', '23141986929', '1167010863', 'juanantonioluna60@hotmail.com', 'CORPO 5GB', '813', 'a las 18:00 hs ', '2024-04-18', 'Diego de Villarroel', '10578', '', '', 'aeronautica argentina y giacomo puccini', 'buenos aires', 'trujui', '1736', '-34.57996043091085, -58.75790680457813', 'https://www.google.com/maps/place/Diego+de+Villarroel+10578,+B1736ERJ+Trujui,+Provincia+de+Buenos+Aires/@-34.5801934,-58.7585747,19z/data=!4m5!3m4!1s0x95bc963f2de870fd:0x5aaa5177f2f41781!8m2!3d-34.579998!4d-58.7579068?entry=ttu', '', '', '', '', 'PENDIENTE DE VERIFICACION', 422614, 'WhatsApp Image 2024-04-18 at 14.24.21.jpeg', ''),
(83, 'martinaballesteros@vxt.com', 'PORTA', '2215900315', 'CLARO', '', 'Oda Rebeca Herrera', '1988-12-06', '34816848', '27348168482', '2214191687', 'odahrrr@gmail.com', 'CORPO 5GB', '350', 'Todo el dia', '2024-04-18', 'CALLE 125 ', '2133', '-', '-', 'CALLE 18 Y CALLE 18 ESTE', 'BUENOS AIRES', 'BERISSO', '1914', '', 'https://www.google.com/maps/place/C.+125+2133,+B1914+Berisso,+Provincia+de+Buenos+Aires/@-34.9176127,-57.9079235,18z/data=!4m5!3m4!1s0x95a2ef57c0b94aa1:0xbf05c10bc0ac660d!8m2!3d-34.9176281!4d-57.9066199?entry=ttu', '', '', '', 'E-SIM ', 'PENDIENTE DE VERIFICACION', 422627, 'AFIP - Administración Federal de Ingresos Públicos ODA.pdf', ''),
(84, 'martinaballesteros@vxt.com', 'PORTA', '2215900315', 'CLARO', '', 'Oda Rebeca Herrera', '1988-12-06', '34816848', '27348168482', '2214191687', 'odahrrr@gmail.com', 'CORPO 5GB', '350', 'Todo el dia', '2024-04-18', 'CALLE 125 ', '2133', '-', '-', 'CALLE 18 Y CALLE 18 ESTE', 'BUENOS AIRES', 'BERISSO', '1914', '', 'https://www.google.com/maps/place/C.+125+2133,+B1914+Berisso,+Provincia+de+Buenos+Aires/@-34.9176127,-57.9079235,18z/data=!4m5!3m4!1s0x95a2ef57c0b94aa1:0xbf05c10bc0ac660d!8m2!3d-34.9176281!4d-57.9066199?entry=ttu', '', '', '', 'E-SIM ', 'PENDIENTE DE VERIFICACION', 422627, 'factura-claro-03-2024 (17).pdf', ''),
(85, 'martinaballesteros@vxt.com', 'PORTA', '2215900315', 'CLARO', '', 'Oda Rebeca Herrera', '1988-12-06', '34816848', '27348168482', '2214191687', 'odahrrr@gmail.com', 'CORPO 5GB', '350', 'Todo el dia', '2024-04-18', 'CALLE 125 ', '2133', '-', '-', 'CALLE 18 Y CALLE 18 ESTE', 'BUENOS AIRES', 'BERISSO', '1914', '', 'https://www.google.com/maps/place/C.+125+2133,+B1914+Berisso,+Provincia+de+Buenos+Aires/@-34.9176127,-57.9079235,18z/data=!4m5!3m4!1s0x95a2ef57c0b94aa1:0xbf05c10bc0ac660d!8m2!3d-34.9176281!4d-57.9066199?entry=ttu', '', '', '', 'E-SIM ', 'PENDIENTE DE VERIFICACION', 422627, 'WhatsApp Image 2024-04-18 at 14.58.16.jpeg', ''),
(86, 'martinaballesteros@vxt.com', 'PORTA', '2215900315', 'CLARO', '', 'Oda Rebeca Herrera', '1988-12-06', '34816848', '27348168482', '2214191687', 'odahrrr@gmail.com', 'CORPO 5GB', '350', 'Todo el dia', '2024-04-18', 'CALLE 125 ', '2133', '-', '-', 'CALLE 18 Y CALLE 18 ESTE', 'BUENOS AIRES', 'BERISSO', '1914', '', 'https://www.google.com/maps/place/C.+125+2133,+B1914+Berisso,+Provincia+de+Buenos+Aires/@-34.9176127,-57.9079235,18z/data=!4m5!3m4!1s0x95a2ef57c0b94aa1:0xbf05c10bc0ac660d!8m2!3d-34.9176281!4d-57.9066199?entry=ttu', '', '', '', 'E-SIM ', 'PENDIENTE DE VERIFICACION', 422627, 'WhatsApp Image 2024-04-18 at 14.58.08.jpeg', ''),
(87, 'renatabresuti@vxt.com', 'PORTA', '1123652478', 'CLARO', '', 'JESICA MARISOL STEFANKIW', '1991-12-15', '36643913', '27366439132', '1126970694', 'stefankiwjesica@gmail.com', 'CORPO 5GB', '360', '13hs', '2024-04-18', 'guillermo marconi ', '328', '', '', 'catamarca y republica de libano ', 'BUENOS AIRES', 'QUILMES OESTE       ', '1879', '-34.72646397687094, -58.28737693871702', 'https://maps.app.goo.gl/7UYL8uj9wLB1FhYx8', '', '', '', 'líneas liadas mismo tt: 1123652478//1126970694//1160303104', 'PENDIENTE DE VERIFICACION', 422639, 'WhatsApp Image 2024-04-18 at 15.42.38.jpeg', ''),
(88, 'renatabresuti@vxt.com', 'PORTA', '1123652478', 'CLARO', '', 'JESICA MARISOL STEFANKIW', '1991-12-15', '36643913', '27366439132', '1126970694', 'stefankiwjesica@gmail.com', 'CORPO 5GB', '360', '13hs', '2024-04-18', 'guillermo marconi ', '328', '', '', 'catamarca y republica de libano ', 'BUENOS AIRES', 'QUILMES OESTE       ', '1879', '-34.72646397687094, -58.28737693871702', 'https://maps.app.goo.gl/7UYL8uj9wLB1FhYx8', '', '', '', 'líneas liadas mismo tt: 1123652478//1126970694//1160303104', 'PENDIENTE DE VERIFICACION', 422639, 'WhatsApp Image 2024-04-18 at 15.42.55.jpeg', ''),
(89, 'renatabresuti@vxt.com', 'PORTA', '1123652478', 'CLARO', '', 'JESICA MARISOL STEFANKIW', '1991-12-15', '36643913', '27366439132', '1126970694', 'stefankiwjesica@gmail.com', 'CORPO 5GB', '360', '13hs', '2024-04-18', 'guillermo marconi ', '328', '', '', 'catamarca y republica de libano ', 'BUENOS AIRES', 'QUILMES OESTE       ', '1879', '-34.72646397687094, -58.28737693871702', 'https://maps.app.goo.gl/7UYL8uj9wLB1FhYx8', '', '', '', 'líneas liadas mismo tt: 1123652478//1126970694//1160303104', 'PENDIENTE DE VERIFICACION', 422639, 'AFIP - JESICA MARISOL STEFANKIW.pdf', ''),
(90, 'renatabresuti@vxt.com', 'PORTA', '1123652478', 'CLARO', '', 'JESICA MARISOL STEFANKIW', '1991-12-15', '36643913', '27366439132', '1126970694', 'stefankiwjesica@gmail.com', 'CORPO 5GB', '360', '13hs', '2024-04-18', 'guillermo marconi ', '328', '', '', 'catamarca y republica de libano ', 'BUENOS AIRES', 'QUILMES OESTE       ', '1879', '-34.72646397687094, -58.28737693871702', 'https://maps.app.goo.gl/7UYL8uj9wLB1FhYx8', '', '', '', 'líneas liadas mismo tt: 1123652478//1126970694//1160303104', 'PENDIENTE DE VERIFICACION', 422639, 'WhatsApp Image 2024-04-18 at 15.48.07.jpeg', ''),
(91, 'renatabresuti@vxt.com', 'PORTA', '1126970694', 'CLARO', '', 'JESICA MARISOL STEFANKIW', '1991-12-15', '36643913', '27366439132', '1126970694', 'stefankiwjesica@gmail.com', 'CORPO 5GB', '360', '13hs', '2024-04-18', 'guillermo marconi ', '328', '', '', 'catamarca y republica de libano ', 'BUENOS AIRES', 'QUILMES OESTE       ', '1879', '-34.72646397687094, -58.28737693871702', 'https://maps.app.goo.gl/7UYL8uj9wLB1FhYx8', '', '', '', 'líneas liadas mismo tt: 1123652478//1126970694//1160303104', 'PENDIENTE DE VERIFICACION', 422640, 'WhatsApp Image 2024-04-18 at 15.42.38.jpeg', ''),
(92, 'renatabresuti@vxt.com', 'PORTA', '1126970694', 'CLARO', '', 'JESICA MARISOL STEFANKIW', '1991-12-15', '36643913', '27366439132', '1126970694', 'stefankiwjesica@gmail.com', 'CORPO 5GB', '360', '13hs', '2024-04-18', 'guillermo marconi ', '328', '', '', 'catamarca y republica de libano ', 'BUENOS AIRES', 'QUILMES OESTE       ', '1879', '-34.72646397687094, -58.28737693871702', 'https://maps.app.goo.gl/7UYL8uj9wLB1FhYx8', '', '', '', 'líneas liadas mismo tt: 1123652478//1126970694//1160303104', 'PENDIENTE DE VERIFICACION', 422640, 'WhatsApp Image 2024-04-18 at 15.42.55.jpeg', ''),
(93, 'renatabresuti@vxt.com', 'PORTA', '1126970694', 'CLARO', '', 'JESICA MARISOL STEFANKIW', '1991-12-15', '36643913', '27366439132', '1126970694', 'stefankiwjesica@gmail.com', 'CORPO 5GB', '360', '13hs', '2024-04-18', 'guillermo marconi ', '328', '', '', 'catamarca y republica de libano ', 'BUENOS AIRES', 'QUILMES OESTE       ', '1879', '-34.72646397687094, -58.28737693871702', 'https://maps.app.goo.gl/7UYL8uj9wLB1FhYx8', '', '', '', 'líneas liadas mismo tt: 1123652478//1126970694//1160303104', 'PENDIENTE DE VERIFICACION', 422640, 'AFIP - JESICA MARISOL STEFANKIW.pdf', ''),
(94, 'renatabresuti@vxt.com', 'PORTA', '1126970694', 'CLARO', '', 'JESICA MARISOL STEFANKIW', '1991-12-15', '36643913', '27366439132', '1126970694', 'stefankiwjesica@gmail.com', 'CORPO 5GB', '360', '13hs', '2024-04-18', 'guillermo marconi ', '328', '', '', 'catamarca y republica de libano ', 'BUENOS AIRES', 'QUILMES OESTE       ', '1879', '-34.72646397687094, -58.28737693871702', 'https://maps.app.goo.gl/7UYL8uj9wLB1FhYx8', '', '', '', 'líneas liadas mismo tt: 1123652478//1126970694//1160303104', 'PENDIENTE DE VERIFICACION', 422640, 'WhatsApp Image 2024-04-18 at 15.48.07.jpeg', ''),
(95, 'renatabresuti@vxt.com', 'PORTA', '1160303104', 'CLARO', '', 'JESICA MARISOL STEFANKIW', '1991-12-15', '36643913', '27366439132', '1126970694', 'stefankiwjesica@gmail.com', 'CORPO 5GB', '360', '13hs', '2024-04-18', 'guillermo marconi ', '328', '', '', 'catamarca y republica de libano ', 'BUENOS AIRES', 'QUILMES OESTE       ', '1879', '-34.72646397687094, -58.28737693871702', 'https://maps.app.goo.gl/7UYL8uj9wLB1FhYx8', '', '', '', 'líneas liadas mismo tt: 1123652478//1126970694//1160303104', 'PENDIENTE DE VERIFICACION', 422641, 'WhatsApp Image 2024-04-18 at 15.42.38.jpeg', ''),
(96, 'renatabresuti@vxt.com', 'PORTA', '1160303104', 'CLARO', '', 'JESICA MARISOL STEFANKIW', '1991-12-15', '36643913', '27366439132', '1126970694', 'stefankiwjesica@gmail.com', 'CORPO 5GB', '360', '13hs', '2024-04-18', 'guillermo marconi ', '328', '', '', 'catamarca y republica de libano ', 'BUENOS AIRES', 'QUILMES OESTE       ', '1879', '-34.72646397687094, -58.28737693871702', 'https://maps.app.goo.gl/7UYL8uj9wLB1FhYx8', '', '', '', 'líneas liadas mismo tt: 1123652478//1126970694//1160303104', 'PENDIENTE DE VERIFICACION', 422641, 'WhatsApp Image 2024-04-18 at 15.42.55.jpeg', ''),
(97, 'renatabresuti@vxt.com', 'PORTA', '1160303104', 'CLARO', '', 'JESICA MARISOL STEFANKIW', '1991-12-15', '36643913', '27366439132', '1126970694', 'stefankiwjesica@gmail.com', 'CORPO 5GB', '360', '13hs', '2024-04-18', 'guillermo marconi ', '328', '', '', 'catamarca y republica de libano ', 'BUENOS AIRES', 'QUILMES OESTE       ', '1879', '-34.72646397687094, -58.28737693871702', 'https://maps.app.goo.gl/7UYL8uj9wLB1FhYx8', '', '', '', 'líneas liadas mismo tt: 1123652478//1126970694//1160303104', 'PENDIENTE DE VERIFICACION', 422641, 'AFIP - JESICA MARISOL STEFANKIW.pdf', ''),
(98, 'renatabresuti@vxt.com', 'PORTA', '1160303104', 'CLARO', '', 'JESICA MARISOL STEFANKIW', '1991-12-15', '36643913', '27366439132', '1126970694', 'stefankiwjesica@gmail.com', 'CORPO 5GB', '360', '13hs', '2024-04-18', 'guillermo marconi ', '328', '', '', 'catamarca y republica de libano ', 'BUENOS AIRES', 'QUILMES OESTE       ', '1879', '-34.72646397687094, -58.28737693871702', 'https://maps.app.goo.gl/7UYL8uj9wLB1FhYx8', '', '', '', 'líneas liadas mismo tt: 1123652478//1126970694//1160303104', 'PENDIENTE DE VERIFICACION', 422641, 'WhatsApp Image 2024-04-18 at 15.48.07.jpeg', ''),
(99, 'renatabresuti@vxt.com', 'PORTA', '1123652478', 'CLARO', '', 'JESICA MARISOL STEFANKIW', '1991-12-15', '36643913', '27366439132', '1126970694', 'stefankiwjesica@gmail.com', 'CORPO 5GB', '360', '13hs', '2024-04-18', 'guillermo marconi ', '328', '', '', 'catamarca y republica de libano ', 'BUENOS AIRES', 'QUILMES OESTE       ', '1879', '-34.72646397687094, -58.28737693871702', 'https://maps.app.goo.gl/7UYL8uj9wLB1FhYx8', '', '', '', 'líneas liadas mismo tt: 1123652478//1126970694//1160303104', 'PENDIENTE DE VERIFICACION', 422639, 'WhatsApp Image 2024-04-18 at 15.42.38.jpeg', ''),
(100, 'renatabresuti@vxt.com', 'PORTA', '1123652478', 'CLARO', '', 'JESICA MARISOL STEFANKIW', '1991-12-15', '36643913', '27366439132', '1126970694', 'stefankiwjesica@gmail.com', 'CORPO 5GB', '360', '13hs', '2024-04-18', 'guillermo marconi ', '328', '', '', 'catamarca y republica de libano ', 'BUENOS AIRES', 'QUILMES OESTE       ', '1879', '-34.72646397687094, -58.28737693871702', 'https://maps.app.goo.gl/7UYL8uj9wLB1FhYx8', '', '', '', 'líneas liadas mismo tt: 1123652478//1126970694//1160303104', 'PENDIENTE DE VERIFICACION', 422639, 'WhatsApp Image 2024-04-18 at 15.42.55.jpeg', ''),
(101, 'renatabresuti@vxt.com', 'PORTA', '1123652478', 'CLARO', '', 'JESICA MARISOL STEFANKIW', '1991-12-15', '36643913', '27366439132', '1126970694', 'stefankiwjesica@gmail.com', 'CORPO 5GB', '360', '13hs', '2024-04-18', 'guillermo marconi ', '328', '', '', 'catamarca y republica de libano ', 'BUENOS AIRES', 'QUILMES OESTE       ', '1879', '-34.72646397687094, -58.28737693871702', 'https://maps.app.goo.gl/7UYL8uj9wLB1FhYx8', '', '', '', 'líneas liadas mismo tt: 1123652478//1126970694//1160303104', 'PENDIENTE DE VERIFICACION', 422639, 'AFIP - JESICA MARISOL STEFANKIW.pdf', ''),
(102, 'renatabresuti@vxt.com', 'PORTA', '1123652478', 'CLARO', '', 'JESICA MARISOL STEFANKIW', '1991-12-15', '36643913', '27366439132', '1126970694', 'stefankiwjesica@gmail.com', 'CORPO 5GB', '360', '13hs', '2024-04-18', 'guillermo marconi ', '328', '', '', 'catamarca y republica de libano ', 'BUENOS AIRES', 'QUILMES OESTE       ', '1879', '-34.72646397687094, -58.28737693871702', 'https://maps.app.goo.gl/7UYL8uj9wLB1FhYx8', '', '', '', 'líneas liadas mismo tt: 1123652478//1126970694//1160303104', 'PENDIENTE DE VERIFICACION', 422639, 'WhatsApp Image 2024-04-18 at 15.48.07.jpeg', ''),
(103, 'martinaballesteros@vxt.com', 'PORTA', '2954467460', 'CLARO', '', 'Segundo Serafin Carabajal', '1963-06-05', '17161996', '20171619964', '2954325879', 'segundo01carbajal@gmail.com', 'CORPO 5GB', '360', 'Todo el dia', '2024-04-18', 'gral Acha', '624', '', '', 'Telem y Toay', 'La Pampa', 'Santa Rosa', '6304', '', 'https://www.google.com/maps/place/Gral.+Acha+624,+L6304GSO+Santa+Rosa,+La+Pampa/@-36.6383579,-64.3051054,19z/data=!4m6!3m5!1s0x95c2cce483d1a727:0x1cb800ae941d60e0!8m2!3d-36.6379587!4d-64.3042122!16s%2Fg%2F11sdm5vxtp?entry=ttu', '', '', '', 'Dos lineas ligadas \r\n2954325879 (linea principal)\r\n2954467460', 'PENDIENTE DE VERIFICACION', 422644, 'WhatsApp Image 2024-04-18 at 15.44.38.jpeg', ''),
(104, 'martinaballesteros@vxt.com', 'PORTA', '2954467460', 'CLARO', '', 'Segundo Serafin Carabajal', '1963-06-05', '17161996', '20171619964', '2954325879', 'segundo01carbajal@gmail.com', 'CORPO 5GB', '360', 'Todo el dia', '2024-04-18', 'gral Acha', '624', '', '', 'Telem y Toay', 'La Pampa', 'Santa Rosa', '6304', '', 'https://www.google.com/maps/place/Gral.+Acha+624,+L6304GSO+Santa+Rosa,+La+Pampa/@-36.6383579,-64.3051054,19z/data=!4m6!3m5!1s0x95c2cce483d1a727:0x1cb800ae941d60e0!8m2!3d-36.6379587!4d-64.3042122!16s%2Fg%2F11sdm5vxtp?entry=ttu', '', '', '', 'Dos lineas ligadas \r\n2954325879 (linea principal)\r\n2954467460', 'PENDIENTE DE VERIFICACION', 422644, 'WhatsApp Image 2024-04-18 at 15.44.30.jpeg', ''),
(105, 'martinaballesteros@vxt.com', 'PORTA', '2954467460', 'CLARO', '', 'Segundo Serafin Carabajal', '1963-06-05', '17161996', '20171619964', '2954325879', 'segundo01carbajal@gmail.com', 'CORPO 5GB', '360', 'Todo el dia', '2024-04-18', 'gral Acha', '624', '', '', 'Telem y Toay', 'La Pampa', 'Santa Rosa', '6304', '', 'https://www.google.com/maps/place/Gral.+Acha+624,+L6304GSO+Santa+Rosa,+La+Pampa/@-36.6383579,-64.3051054,19z/data=!4m6!3m5!1s0x95c2cce483d1a727:0x1cb800ae941d60e0!8m2!3d-36.6379587!4d-64.3042122!16s%2Fg%2F11sdm5vxtp?entry=ttu', '', '', '', 'Dos lineas ligadas \r\n2954325879 (linea principal)\r\n2954467460', 'PENDIENTE DE VERIFICACION', 422644, 'AFIP - Administración Federal de Ingresos Públicos carabajal.pdf', ''),
(106, 'martinaballesteros@vxt.com', 'PORTA', '2954325879', 'CLARO', '', 'Segundo Serafin Carabajal', '1963-06-05', '17161996', '20171619964', '2954467460', 'segundo01carbajal@gmail.com', 'CORPO 5GB', '360', 'Todo el dia', '2024-04-18', 'gral Acha', '624', '', '', 'Telem y Toay', 'La Pampa', 'Santa Rosa', '6304', '', 'https://www.google.com/maps/place/Gral.+Acha+624,+L6304GSO+Santa+Rosa,+La+Pampa/@-36.6383579,-64.3051054,19z/data=!4m6!3m5!1s0x95c2cce483d1a727:0x1cb800ae941d60e0!8m2!3d-36.6379587!4d-64.3042122!16s%2Fg%2F11sdm5vxtp?entry=ttu', '', '', '', 'Dos lineas ligadas \r\n2954325879 (linea principal)\r\n2954467460', 'PENDIENTE DE VERIFICACION', 422645, 'WhatsApp Image 2024-04-18 at 15.44.38.jpeg', ''),
(107, 'martinaballesteros@vxt.com', 'PORTA', '2954325879', 'CLARO', '', 'Segundo Serafin Carabajal', '1963-06-05', '17161996', '20171619964', '2954467460', 'segundo01carbajal@gmail.com', 'CORPO 5GB', '360', 'Todo el dia', '2024-04-18', 'gral Acha', '624', '', '', 'Telem y Toay', 'La Pampa', 'Santa Rosa', '6304', '', 'https://www.google.com/maps/place/Gral.+Acha+624,+L6304GSO+Santa+Rosa,+La+Pampa/@-36.6383579,-64.3051054,19z/data=!4m6!3m5!1s0x95c2cce483d1a727:0x1cb800ae941d60e0!8m2!3d-36.6379587!4d-64.3042122!16s%2Fg%2F11sdm5vxtp?entry=ttu', '', '', '', 'Dos lineas ligadas \r\n2954325879 (linea principal)\r\n2954467460', 'PENDIENTE DE VERIFICACION', 422645, 'WhatsApp Image 2024-04-18 at 15.44.30.jpeg', ''),
(108, 'martinaballesteros@vxt.com', 'PORTA', '2954325879', 'CLARO', '', 'Segundo Serafin Carabajal', '1963-06-05', '17161996', '20171619964', '2954467460', 'segundo01carbajal@gmail.com', 'CORPO 5GB', '360', 'Todo el dia', '2024-04-18', 'gral Acha', '624', '', '', 'Telem y Toay', 'La Pampa', 'Santa Rosa', '6304', '', 'https://www.google.com/maps/place/Gral.+Acha+624,+L6304GSO+Santa+Rosa,+La+Pampa/@-36.6383579,-64.3051054,19z/data=!4m6!3m5!1s0x95c2cce483d1a727:0x1cb800ae941d60e0!8m2!3d-36.6379587!4d-64.3042122!16s%2Fg%2F11sdm5vxtp?entry=ttu', '', '', '', 'Dos lineas ligadas \r\n2954325879 (linea principal)\r\n2954467460', 'PENDIENTE DE VERIFICACION', 422645, 'AFIP - Administración Federal de Ingresos Públicos carabajal.pdf', ''),
(109, 'martinsuarez@vxt.com', 'PORTA', '1123513012', 'CLARO', '', 'JOSE LUIS SUAREZ', '1970-10-28', '21887174', '20218871748', '1140286156', 'suarezjose2301@gmail.com', 'CORPO 5GB', '351', 'por la mañana antes de las 13:00 hs', '2024-04-19', 'estrada', '201', '', '', 'malvinas y costa rica', 'buenos aires', 'LIBERTAD', '1716', '-34.692230253189116, -58.68640785864713', 'https://www.google.com/maps/place/Estrada+201,+B1716+Libertad,+Provincia+de+Buenos+Aires/@-34.69425,-58.6869622,16.17z/data=!4m10!1m2!2m1!1sEstrada+201,+Libertad,+Merlo,+Provincia+de+Buenos+Aires!3m6!1s0x95bcc0f7292f5551:0xe307224ac7367c8e!8m2!3d-34.6924761!4d-58.6863848!15sCjdFc3RyYWRhIDIwMSwgTGliZXJ0YWQsIE1lcmxvLCBQcm92aW5jaWEgZGUgQnVlbm9zIEFpcmVzkgERY29tcG91bmRfYnVpbGRpbmfgAQA!16s%2Fg%2F11r_gt7_mb?entry=ttu', '', '', '', '', 'PENDIENTE DE VERIFICACION', 422799, 'AFIP - Administración Federal de Ingresos Públicos.pdf', ''),
(110, 'martinsuarez@vxt.com', 'PORTA', '1123513012', 'CLARO', '', 'JOSE LUIS SUAREZ', '1970-10-28', '21887174', '20218871748', '1140286156', 'suarezjose2301@gmail.com', 'CORPO 5GB', '351', 'por la mañana antes de las 13:00 hs', '2024-04-19', 'estrada', '201', '', '', 'malvinas y costa rica', 'buenos aires', 'LIBERTAD', '1716', '-34.692230253189116, -58.68640785864713', 'https://www.google.com/maps/place/Estrada+201,+B1716+Libertad,+Provincia+de+Buenos+Aires/@-34.69425,-58.6869622,16.17z/data=!4m10!1m2!2m1!1sEstrada+201,+Libertad,+Merlo,+Provincia+de+Buenos+Aires!3m6!1s0x95bcc0f7292f5551:0xe307224ac7367c8e!8m2!3d-34.6924761!4d-58.6863848!15sCjdFc3RyYWRhIDIwMSwgTGliZXJ0YWQsIE1lcmxvLCBQcm92aW5jaWEgZGUgQnVlbm9zIEFpcmVzkgERY29tcG91bmRfYnVpbGRpbmfgAQA!16s%2Fg%2F11r_gt7_mb?entry=ttu', '', '', '', '', 'PENDIENTE DE VERIFICACION', 422799, 'factura-claro-03-2024 (5) (1).pdf', ''),
(111, 'martinsuarez@vxt.com', 'PORTA', '1123513012', 'CLARO', '', 'JOSE LUIS SUAREZ', '1970-10-28', '21887174', '20218871748', '1140286156', 'suarezjose2301@gmail.com', 'CORPO 5GB', '351', 'por la mañana antes de las 13:00 hs', '2024-04-19', 'estrada', '201', '', '', 'malvinas y costa rica', 'buenos aires', 'LIBERTAD', '1716', '-34.692230253189116, -58.68640785864713', 'https://www.google.com/maps/place/Estrada+201,+B1716+Libertad,+Provincia+de+Buenos+Aires/@-34.69425,-58.6869622,16.17z/data=!4m10!1m2!2m1!1sEstrada+201,+Libertad,+Merlo,+Provincia+de+Buenos+Aires!3m6!1s0x95bcc0f7292f5551:0xe307224ac7367c8e!8m2!3d-34.6924761!4d-58.6863848!15sCjdFc3RyYWRhIDIwMSwgTGliZXJ0YWQsIE1lcmxvLCBQcm92aW5jaWEgZGUgQnVlbm9zIEFpcmVzkgERY29tcG91bmRfYnVpbGRpbmfgAQA!16s%2Fg%2F11r_gt7_mb?entry=ttu', '', '', '', '', 'PENDIENTE DE VERIFICACION', 422799, 'WhatsApp Image 2024-04-18 at 14.01.59.jpeg', ''),
(112, 'martinsuarez@vxt.com', 'PORTA', '1123513012', 'CLARO', '', 'JOSE LUIS SUAREZ', '1970-10-28', '21887174', '20218871748', '1140286156', 'suarezjose2301@gmail.com', 'CORPO 5GB', '351', 'por la mañana antes de las 13:00 hs', '2024-04-19', 'estrada', '201', '', '', 'malvinas y costa rica', 'buenos aires', 'LIBERTAD', '1716', '-34.692230253189116, -58.68640785864713', 'https://www.google.com/maps/place/Estrada+201,+B1716+Libertad,+Provincia+de+Buenos+Aires/@-34.69425,-58.6869622,16.17z/data=!4m10!1m2!2m1!1sEstrada+201,+Libertad,+Merlo,+Provincia+de+Buenos+Aires!3m6!1s0x95bcc0f7292f5551:0xe307224ac7367c8e!8m2!3d-34.6924761!4d-58.6863848!15sCjdFc3RyYWRhIDIwMSwgTGliZXJ0YWQsIE1lcmxvLCBQcm92aW5jaWEgZGUgQnVlbm9zIEFpcmVzkgERY29tcG91bmRfYnVpbGRpbmfgAQA!16s%2Fg%2F11r_gt7_mb?entry=ttu', '', '', '', '', 'PENDIENTE DE VERIFICACION', 422799, 'WhatsApp Image 2024-04-18 at 14.02.29.jpeg', ''),
(113, 'martinsuarez@vxt.com', 'PORTA', '1123513012', 'CLARO', '', 'JOSE LUIS SUAREZ', '1970-10-28', '21887174', '20218871748', '1140286156', 'suarezjose2301@gmail.com', 'CORPO 5GB', '351', 'por la mañana antes de las 13:00 hs', '2024-04-19', 'estrada', '201', '', '', 'malvinas y costa rica', 'buenos aires', 'LIBERTAD', '1716', '-34.692230253189116, -58.68640785864713', 'https://www.google.com/maps/place/Estrada+201,+B1716+Libertad,+Provincia+de+Buenos+Aires/@-34.69425,-58.6869622,16.17z/data=!4m10!1m2!2m1!1sEstrada+201,+Libertad,+Merlo,+Provincia+de+Buenos+Aires!3m6!1s0x95bcc0f7292f5551:0xe307224ac7367c8e!8m2!3d-34.6924761!4d-58.6863848!15sCjdFc3RyYWRhIDIwMSwgTGliZXJ0YWQsIE1lcmxvLCBQcm92aW5jaWEgZGUgQnVlbm9zIEFpcmVzkgERY29tcG91bmRfYnVpbGRpbmfgAQA!16s%2Fg%2F11r_gt7_mb?entry=ttu', '', '', '', '', 'PENDIENTE DE VERIFICACION', 422799, 'AFIP - Administración Federal de Ingresos Públicos.pdf', ''),
(114, 'martinsuarez@vxt.com', 'PORTA', '1123513012', 'CLARO', '', 'JOSE LUIS SUAREZ', '1970-10-28', '21887174', '20218871748', '1140286156', 'suarezjose2301@gmail.com', 'CORPO 5GB', '351', 'por la mañana antes de las 13:00 hs', '2024-04-19', 'estrada', '201', '', '', 'malvinas y costa rica', 'buenos aires', 'LIBERTAD', '1716', '-34.692230253189116, -58.68640785864713', 'https://www.google.com/maps/place/Estrada+201,+B1716+Libertad,+Provincia+de+Buenos+Aires/@-34.69425,-58.6869622,16.17z/data=!4m10!1m2!2m1!1sEstrada+201,+Libertad,+Merlo,+Provincia+de+Buenos+Aires!3m6!1s0x95bcc0f7292f5551:0xe307224ac7367c8e!8m2!3d-34.6924761!4d-58.6863848!15sCjdFc3RyYWRhIDIwMSwgTGliZXJ0YWQsIE1lcmxvLCBQcm92aW5jaWEgZGUgQnVlbm9zIEFpcmVzkgERY29tcG91bmRfYnVpbGRpbmfgAQA!16s%2Fg%2F11r_gt7_mb?entry=ttu', '', '', '', '', 'PENDIENTE DE VERIFICACION', 422799, 'factura-claro-03-2024 (5) (1).pdf', ''),
(115, 'martinsuarez@vxt.com', 'PORTA', '1123513012', 'CLARO', '', 'JOSE LUIS SUAREZ', '1970-10-28', '21887174', '20218871748', '1140286156', 'suarezjose2301@gmail.com', 'CORPO 5GB', '351', 'por la mañana antes de las 13:00 hs', '2024-04-19', 'estrada', '201', '', '', 'malvinas y costa rica', 'buenos aires', 'LIBERTAD', '1716', '-34.692230253189116, -58.68640785864713', 'https://www.google.com/maps/place/Estrada+201,+B1716+Libertad,+Provincia+de+Buenos+Aires/@-34.69425,-58.6869622,16.17z/data=!4m10!1m2!2m1!1sEstrada+201,+Libertad,+Merlo,+Provincia+de+Buenos+Aires!3m6!1s0x95bcc0f7292f5551:0xe307224ac7367c8e!8m2!3d-34.6924761!4d-58.6863848!15sCjdFc3RyYWRhIDIwMSwgTGliZXJ0YWQsIE1lcmxvLCBQcm92aW5jaWEgZGUgQnVlbm9zIEFpcmVzkgERY29tcG91bmRfYnVpbGRpbmfgAQA!16s%2Fg%2F11r_gt7_mb?entry=ttu', '', '', '', '', 'PENDIENTE DE VERIFICACION', 422799, 'WhatsApp Image 2024-04-18 at 14.01.59.jpeg', ''),
(116, 'martinsuarez@vxt.com', 'PORTA', '1123513012', 'CLARO', '', 'JOSE LUIS SUAREZ', '1970-10-28', '21887174', '20218871748', '1140286156', 'suarezjose2301@gmail.com', 'CORPO 5GB', '351', 'por la mañana antes de las 13:00 hs', '2024-04-19', 'estrada', '201', '', '', 'malvinas y costa rica', 'buenos aires', 'LIBERTAD', '1716', '-34.692230253189116, -58.68640785864713', 'https://www.google.com/maps/place/Estrada+201,+B1716+Libertad,+Provincia+de+Buenos+Aires/@-34.69425,-58.6869622,16.17z/data=!4m10!1m2!2m1!1sEstrada+201,+Libertad,+Merlo,+Provincia+de+Buenos+Aires!3m6!1s0x95bcc0f7292f5551:0xe307224ac7367c8e!8m2!3d-34.6924761!4d-58.6863848!15sCjdFc3RyYWRhIDIwMSwgTGliZXJ0YWQsIE1lcmxvLCBQcm92aW5jaWEgZGUgQnVlbm9zIEFpcmVzkgERY29tcG91bmRfYnVpbGRpbmfgAQA!16s%2Fg%2F11r_gt7_mb?entry=ttu', '', '', '', '', 'PENDIENTE DE VERIFICACION', 422799, 'WhatsApp Image 2024-04-18 at 14.02.29.jpeg', ''),
(117, 'renatabresuti@vxt.com', 'PORTA', '1159195371', 'CLARO', '', 'JESICA MARISOL STEFANKIW', '1991-12-15', '36643913', '27366439132', '1123652478', 'stefankiwjesica@gmail.com', 'CORPO 5GB', '360', '13hs', '2024-04-19', 'guillermo marconi ', '328', '', '', 'Catamarca y republica de Líbano ', 'buenos aires', 'QUILMES OESTE       ', '1879', '-34.72639343422908, -58.287457404980785', 'https://maps.app.goo.gl/A7AEGM9fkbn9TRd59', '', '', '', 'líneas ligadas mismo tt:1123652478//1126970694//1160303104//1159195371\r\nprepago ', 'PENDIENTE DE VERIFICACION', 422800, 'WhatsApp Image 2024-04-18 at 15.42.38.jpeg', ''),
(118, 'renatabresuti@vxt.com', 'PORTA', '1159195371', 'CLARO', '', 'JESICA MARISOL STEFANKIW', '1991-12-15', '36643913', '27366439132', '1123652478', 'stefankiwjesica@gmail.com', 'CORPO 5GB', '360', '13hs', '2024-04-19', 'guillermo marconi ', '328', '', '', 'Catamarca y republica de Líbano ', 'buenos aires', 'QUILMES OESTE       ', '1879', '-34.72639343422908, -58.287457404980785', 'https://maps.app.goo.gl/A7AEGM9fkbn9TRd59', '', '', '', 'líneas ligadas mismo tt:1123652478//1126970694//1160303104//1159195371\r\nprepago ', 'PENDIENTE DE VERIFICACION', 422800, 'WhatsApp Image 2024-04-18 at 15.42.55.jpeg', ''),
(119, 'renatabresuti@vxt.com', 'PORTA', '1159195371', 'CLARO', '', 'JESICA MARISOL STEFANKIW', '1991-12-15', '36643913', '27366439132', '1123652478', 'stefankiwjesica@gmail.com', 'CORPO 5GB', '360', '13hs', '2024-04-19', 'guillermo marconi ', '328', '', '', 'Catamarca y republica de Líbano ', 'buenos aires', 'QUILMES OESTE       ', '1879', '-34.72639343422908, -58.287457404980785', 'https://maps.app.goo.gl/A7AEGM9fkbn9TRd59', '', '', '', 'líneas ligadas mismo tt:1123652478//1126970694//1160303104//1159195371\r\nprepago ', 'PENDIENTE DE VERIFICACION', 422800, 'AFIP - JESICA MARISOL STEFANKIW.pdf', ''),
(120, 'mariaperez@vxt.com', 'PORTA', '2974664225', 'CLARO', '', 'VERONICA CRISTINA ZAMPACH', '1971-03-01', '21961155', '27219611558', '2974664143', 'veronicazampach@gmail.com', 'CORPO 5GB', '360', 'mañana', '2024-04-19', 'Urcelay ', '345', '', '', ' pueyrredon y estrada', 'buenos aires', 'los cardales', '2814', '-34.328098391275326, -58.985016532121065', 'https://www.google.com/maps/place/Urcelay+345,+B2814CNG+Los+Cardales,+Provincia+de+Buenos+Aires/@-34.3282534,-58.9875807,17z/data=!3m1!4b1!4m5!3m4!1s0x95bb7bbe3d5fc6bd:0x749001dd9bd9ca23!8m2!3d-34.3282579!4d-58.9850058?entry=ttu', '', '', '', '2974664225\r\n2974664143', 'PENDIENTE DE VERIFICACION', 422829, 'cuit vero.pdf', ''),
(121, 'mariaperez@vxt.com', 'PORTA', '2974664225', 'CLARO', '', 'VERONICA CRISTINA ZAMPACH', '1971-03-01', '21961155', '27219611558', '2974664143', 'veronicazampach@gmail.com', 'CORPO 5GB', '360', 'mañana', '2024-04-19', 'Urcelay ', '345', '', '', ' pueyrredon y estrada', 'buenos aires', 'los cardales', '2814', '-34.328098391275326, -58.985016532121065', 'https://www.google.com/maps/place/Urcelay+345,+B2814CNG+Los+Cardales,+Provincia+de+Buenos+Aires/@-34.3282534,-58.9875807,17z/data=!3m1!4b1!4m5!3m4!1s0x95bb7bbe3d5fc6bd:0x749001dd9bd9ca23!8m2!3d-34.3282579!4d-58.9850058?entry=ttu', '', '', '', '2974664225\r\n2974664143', 'PENDIENTE DE VERIFICACION', 422829, 'factura-claro-03-2024 (1) (1).pdf', ''),
(122, 'mariaperez@vxt.com', 'PORTA', '2974664225', 'CLARO', '', 'VERONICA CRISTINA ZAMPACH', '1971-03-01', '21961155', '27219611558', '2974664143', 'veronicazampach@gmail.com', 'CORPO 5GB', '360', 'mañana', '2024-04-19', 'Urcelay ', '345', '', '', ' pueyrredon y estrada', 'buenos aires', 'los cardales', '2814', '-34.328098391275326, -58.985016532121065', 'https://www.google.com/maps/place/Urcelay+345,+B2814CNG+Los+Cardales,+Provincia+de+Buenos+Aires/@-34.3282534,-58.9875807,17z/data=!3m1!4b1!4m5!3m4!1s0x95bb7bbe3d5fc6bd:0x749001dd9bd9ca23!8m2!3d-34.3282579!4d-58.9850058?entry=ttu', '', '', '', '2974664225\r\n2974664143', 'PENDIENTE DE VERIFICACION', 422829, 'WhatsApp Image 2024-04-19 at 11.51.00 AM.jpeg', ''),
(123, 'mariaperez@vxt.com', 'PORTA', '2974664225', 'CLARO', '', 'VERONICA CRISTINA ZAMPACH', '1971-03-01', '21961155', '27219611558', '2974664143', 'veronicazampach@gmail.com', 'CORPO 5GB', '360', 'mañana', '2024-04-19', 'Urcelay ', '345', '', '', ' pueyrredon y estrada', 'buenos aires', 'los cardales', '2814', '-34.328098391275326, -58.985016532121065', 'https://www.google.com/maps/place/Urcelay+345,+B2814CNG+Los+Cardales,+Provincia+de+Buenos+Aires/@-34.3282534,-58.9875807,17z/data=!3m1!4b1!4m5!3m4!1s0x95bb7bbe3d5fc6bd:0x749001dd9bd9ca23!8m2!3d-34.3282579!4d-58.9850058?entry=ttu', '', '', '', '2974664225\r\n2974664143', 'PENDIENTE DE VERIFICACION', 422829, 'WhatsApp Image 2024-04-19 at 11.50.46 AM.jpeg', ''),
(124, 'mariaperez@vxt.com', 'PORTA', '2974664143', 'CLARO', '', 'VERONICA CRISTINA ZAMPACH', '1971-03-01', '21961155', '27219611558', '2974664225', 'veronicazampach@gmail.com', 'CORPO 5GB', '360', 'mañana', '2024-04-19', 'Urcelay , B2814CNG Los Cardales, Provincia de Buenos Aires', '345', '', '', ' pueyrredon y estrada', 'buenos aires', 'los cardales', '2814', '-34.328098391275326, -58.985016532121065', 'https://www.google.com/maps/place/Urcelay+345,+B2814CNG+Los+Cardales,+Provincia+de+Buenos+Aires/@-34.3282534,-58.9875807,17z/data=!3m1!4b1!4m5!3m4!1s0x95bb7bbe3d5fc6bd:0x749001dd9bd9ca23!8m2!3d-34.3282579!4d-58.9850058?entry=ttu', '', '', '', '2974664225 \r\n2974664143', 'PENDIENTE DE VERIFICACION', 422830, 'cuit vero.pdf', ''),
(125, 'mariaperez@vxt.com', 'PORTA', '2974664143', 'CLARO', '', 'VERONICA CRISTINA ZAMPACH', '1971-03-01', '21961155', '27219611558', '2974664225', 'veronicazampach@gmail.com', 'CORPO 5GB', '360', 'mañana', '2024-04-19', 'Urcelay , B2814CNG Los Cardales, Provincia de Buenos Aires', '345', '', '', ' pueyrredon y estrada', 'buenos aires', 'los cardales', '2814', '-34.328098391275326, -58.985016532121065', 'https://www.google.com/maps/place/Urcelay+345,+B2814CNG+Los+Cardales,+Provincia+de+Buenos+Aires/@-34.3282534,-58.9875807,17z/data=!3m1!4b1!4m5!3m4!1s0x95bb7bbe3d5fc6bd:0x749001dd9bd9ca23!8m2!3d-34.3282579!4d-58.9850058?entry=ttu', '', '', '', '2974664225 \r\n2974664143', 'PENDIENTE DE VERIFICACION', 422830, 'factura-claro-03-2024 (1) (1).pdf', ''),
(126, 'mariaperez@vxt.com', 'PORTA', '2974664143', 'CLARO', '', 'VERONICA CRISTINA ZAMPACH', '1971-03-01', '21961155', '27219611558', '2974664225', 'veronicazampach@gmail.com', 'CORPO 5GB', '360', 'mañana', '2024-04-19', 'Urcelay , B2814CNG Los Cardales, Provincia de Buenos Aires', '345', '', '', ' pueyrredon y estrada', 'buenos aires', 'los cardales', '2814', '-34.328098391275326, -58.985016532121065', 'https://www.google.com/maps/place/Urcelay+345,+B2814CNG+Los+Cardales,+Provincia+de+Buenos+Aires/@-34.3282534,-58.9875807,17z/data=!3m1!4b1!4m5!3m4!1s0x95bb7bbe3d5fc6bd:0x749001dd9bd9ca23!8m2!3d-34.3282579!4d-58.9850058?entry=ttu', '', '', '', '2974664225 \r\n2974664143', 'PENDIENTE DE VERIFICACION', 422830, 'WhatsApp Image 2024-04-19 at 11.51.00 AM.jpeg', ''),
(127, 'mariaperez@vxt.com', 'PORTA', '2974664143', 'CLARO', '', 'VERONICA CRISTINA ZAMPACH', '1971-03-01', '21961155', '27219611558', '2974664225', 'veronicazampach@gmail.com', 'CORPO 5GB', '360', 'mañana', '2024-04-19', 'Urcelay , B2814CNG Los Cardales, Provincia de Buenos Aires', '345', '', '', ' pueyrredon y estrada', 'buenos aires', 'los cardales', '2814', '-34.328098391275326, -58.985016532121065', 'https://www.google.com/maps/place/Urcelay+345,+B2814CNG+Los+Cardales,+Provincia+de+Buenos+Aires/@-34.3282534,-58.9875807,17z/data=!3m1!4b1!4m5!3m4!1s0x95bb7bbe3d5fc6bd:0x749001dd9bd9ca23!8m2!3d-34.3282579!4d-58.9850058?entry=ttu', '', '', '', '2974664225 \r\n2974664143', 'PENDIENTE DE VERIFICACION', 422830, 'WhatsApp Image 2024-04-19 at 11.50.46 AM.jpeg', ''),
(128, 'martinaballesteros@vxt.com', 'PORTA', '2644454103', 'CLARO', 'ABONO', 'Omar Nicolas Funes ', '1963-06-01', '16523811', '20165238118', '2644181609', 'funesomarnicolas@yahoo.com.ar', 'CORPO 5GB', '350', 'todo el dia ', '2024-04-19', 'Honorio Pueyrredon Oeste ', '1734', '-', '-', 'Aberastain Sur y Paso de los Andes Sur', 'San Juan', 'Rivadavia', '5400', '', 'https://www.google.com/maps/place/31%C2%B032&#39;15.4%22S+68%C2%B035&#39;18.1%22W/@-31.5376065,-68.590936,17z/data=!3m1!4b1!4m4!3m3!8m2!3d-31.5376111!4d-68.5883611?hl=es&#38;entry=ttu', '', '', '', '3 Lineas ligadas \r\n2644454103 ( linea principal)\r\n2644866247\r\n2645298320 ', 'PENDIENTE DE VERIFICACION', 422849, 'AFIP - Administración Federal de Ingresos Públicos omaar.pdf', ''),
(129, 'martinaballesteros@vxt.com', 'PORTA', '2644454103', 'CLARO', 'ABONO', 'Omar Nicolas Funes ', '1963-06-01', '16523811', '20165238118', '2644181609', 'funesomarnicolas@yahoo.com.ar', 'CORPO 5GB', '350', 'todo el dia ', '2024-04-19', 'Honorio Pueyrredon Oeste ', '1734', '-', '-', 'Aberastain Sur y Paso de los Andes Sur', 'San Juan', 'Rivadavia', '5400', '', 'https://www.google.com/maps/place/31%C2%B032&#39;15.4%22S+68%C2%B035&#39;18.1%22W/@-31.5376065,-68.590936,17z/data=!3m1!4b1!4m4!3m3!8m2!3d-31.5376111!4d-68.5883611?hl=es&#38;entry=ttu', '', '', '', '3 Lineas ligadas \r\n2644454103 ( linea principal)\r\n2644866247\r\n2645298320 ', 'PENDIENTE DE VERIFICACION', 422849, 'WhatsApp Image 2024-04-19 at 14.16.38.jpeg', ''),
(130, 'martinaballesteros@vxt.com', 'PORTA', '2644454103', 'CLARO', 'ABONO', 'Omar Nicolas Funes ', '1963-06-01', '16523811', '20165238118', '2644181609', 'funesomarnicolas@yahoo.com.ar', 'CORPO 5GB', '350', 'todo el dia ', '2024-04-19', 'Honorio Pueyrredon Oeste ', '1734', '-', '-', 'Aberastain Sur y Paso de los Andes Sur', 'San Juan', 'Rivadavia', '5400', '', 'https://www.google.com/maps/place/31%C2%B032&#39;15.4%22S+68%C2%B035&#39;18.1%22W/@-31.5376065,-68.590936,17z/data=!3m1!4b1!4m4!3m3!8m2!3d-31.5376111!4d-68.5883611?hl=es&#38;entry=ttu', '', '', '', '3 Lineas ligadas \r\n2644454103 ( linea principal)\r\n2644866247\r\n2645298320 ', 'PENDIENTE DE VERIFICACION', 422849, 'WhatsApp Image 2024-04-19 at 14.16.32.jpeg', ''),
(131, 'martinaballesteros@vxt.com', 'PORTA', '2644454103', 'CLARO', 'ABONO', 'Omar Nicolas Funes ', '1963-06-01', '16523811', '20165238118', '2644181609', 'funesomarnicolas@yahoo.com.ar', 'CORPO 5GB', '350', 'todo el dia ', '2024-04-19', 'Honorio Pueyrredon Oeste ', '1734', '-', '-', 'Aberastain Sur y Paso de los Andes Sur', 'San Juan', 'Rivadavia', '5400', '', 'https://www.google.com/maps/place/31%C2%B032&#39;15.4%22S+68%C2%B035&#39;18.1%22W/@-31.5376065,-68.590936,17z/data=!3m1!4b1!4m4!3m3!8m2!3d-31.5376111!4d-68.5883611?hl=es&#38;entry=ttu', '', '', '', '3 Lineas ligadas \r\n2644454103 ( linea principal)\r\n2644866247\r\n2645298320 ', 'PENDIENTE DE VERIFICACION', 422849, 'factura-claro-03-2024-1 (1).pdf', ''),
(132, 'martinaballesteros@vxt.com', 'PORTA', '2644866247', 'CLARO', 'ABONO', 'Omar Nicolas Funes ', '1963-06-01', '16523811', '20165238118', '2644181609', 'funesomarnicolas@yahoo.com.ar', 'CORPO 5GB', '350', 'todo el dia ', '2024-04-19', 'Honorio Pueyrredon Oeste ', '1734', '-', '-', 'Aberastain Sur y Paso de los Andes Sur', 'San Juan', 'Rivadavia', '5400', '', 'https://www.google.com/maps/place/31%C2%B032&#39;15.4%22S+68%C2%B035&#39;18.1%22W/@-31.5376065,-68.590936,17z/data=!3m1!4b1!4m4!3m3!8m2!3d-31.5376111!4d-68.5883611?hl=es&#38;entry=ttu', '', '', '', '3 Lineas ligadas \r\n2644454103 ( linea principal)\r\n2644866247\r\n2645298320 ', 'PENDIENTE DE VERIFICACION', 422850, 'AFIP - Administración Federal de Ingresos Públicos omaar.pdf', ''),
(133, 'martinaballesteros@vxt.com', 'PORTA', '2644866247', 'CLARO', 'ABONO', 'Omar Nicolas Funes ', '1963-06-01', '16523811', '20165238118', '2644181609', 'funesomarnicolas@yahoo.com.ar', 'CORPO 5GB', '350', 'todo el dia ', '2024-04-19', 'Honorio Pueyrredon Oeste ', '1734', '-', '-', 'Aberastain Sur y Paso de los Andes Sur', 'San Juan', 'Rivadavia', '5400', '', 'https://www.google.com/maps/place/31%C2%B032&#39;15.4%22S+68%C2%B035&#39;18.1%22W/@-31.5376065,-68.590936,17z/data=!3m1!4b1!4m4!3m3!8m2!3d-31.5376111!4d-68.5883611?hl=es&#38;entry=ttu', '', '', '', '3 Lineas ligadas \r\n2644454103 ( linea principal)\r\n2644866247\r\n2645298320 ', 'PENDIENTE DE VERIFICACION', 422850, 'WhatsApp Image 2024-04-19 at 14.16.38.jpeg', ''),
(134, 'martinaballesteros@vxt.com', 'PORTA', '2644866247', 'CLARO', 'ABONO', 'Omar Nicolas Funes ', '1963-06-01', '16523811', '20165238118', '2644181609', 'funesomarnicolas@yahoo.com.ar', 'CORPO 5GB', '350', 'todo el dia ', '2024-04-19', 'Honorio Pueyrredon Oeste ', '1734', '-', '-', 'Aberastain Sur y Paso de los Andes Sur', 'San Juan', 'Rivadavia', '5400', '', 'https://www.google.com/maps/place/31%C2%B032&#39;15.4%22S+68%C2%B035&#39;18.1%22W/@-31.5376065,-68.590936,17z/data=!3m1!4b1!4m4!3m3!8m2!3d-31.5376111!4d-68.5883611?hl=es&#38;entry=ttu', '', '', '', '3 Lineas ligadas \r\n2644454103 ( linea principal)\r\n2644866247\r\n2645298320 ', 'PENDIENTE DE VERIFICACION', 422850, 'WhatsApp Image 2024-04-19 at 14.16.32.jpeg', ''),
(135, 'martinaballesteros@vxt.com', 'PORTA', '2644866247', 'CLARO', 'ABONO', 'Omar Nicolas Funes ', '1963-06-01', '16523811', '20165238118', '2644181609', 'funesomarnicolas@yahoo.com.ar', 'CORPO 5GB', '350', 'todo el dia ', '2024-04-19', 'Honorio Pueyrredon Oeste ', '1734', '-', '-', 'Aberastain Sur y Paso de los Andes Sur', 'San Juan', 'Rivadavia', '5400', '', 'https://www.google.com/maps/place/31%C2%B032&#39;15.4%22S+68%C2%B035&#39;18.1%22W/@-31.5376065,-68.590936,17z/data=!3m1!4b1!4m4!3m3!8m2!3d-31.5376111!4d-68.5883611?hl=es&#38;entry=ttu', '', '', '', '3 Lineas ligadas \r\n2644454103 ( linea principal)\r\n2644866247\r\n2645298320 ', 'PENDIENTE DE VERIFICACION', 422850, 'factura-claro-03-2024-1 (1).pdf', ''),
(136, 'martinaballesteros@vxt.com', 'PORTA', '2645298320', 'CLARO', 'ABONO', 'Omar Nicolas Funes ', '1963-06-01', '16523811', '20165238118', '2644181609', 'funesomarnicolas@yahoo.com.ar', 'CORPO 5GB', '350', 'todo el dia ', '2024-04-19', 'Honorio Pueyrredon Oeste ', '1734', '-', '-', 'Aberastain Sur y Paso de los Andes Sur', 'San Juan', 'Rivadavia', '5400', '', 'https://www.google.com/maps/place/31%C2%B032&#39;15.4%22S+68%C2%B035&#39;18.1%22W/@-31.5376065,-68.590936,17z/data=!3m1!4b1!4m4!3m3!8m2!3d-31.5376111!4d-68.5883611?hl=es&#38;entry=ttu', '', '', '', '3 Lineas ligadas \r\n2644454103 ( linea principal)\r\n2644866247\r\n2645298320 ', 'PENDIENTE DE VERIFICACION', 422851, 'AFIP - Administración Federal de Ingresos Públicos omaar.pdf', ''),
(137, 'martinaballesteros@vxt.com', 'PORTA', '2645298320', 'CLARO', 'ABONO', 'Omar Nicolas Funes ', '1963-06-01', '16523811', '20165238118', '2644181609', 'funesomarnicolas@yahoo.com.ar', 'CORPO 5GB', '350', 'todo el dia ', '2024-04-19', 'Honorio Pueyrredon Oeste ', '1734', '-', '-', 'Aberastain Sur y Paso de los Andes Sur', 'San Juan', 'Rivadavia', '5400', '', 'https://www.google.com/maps/place/31%C2%B032&#39;15.4%22S+68%C2%B035&#39;18.1%22W/@-31.5376065,-68.590936,17z/data=!3m1!4b1!4m4!3m3!8m2!3d-31.5376111!4d-68.5883611?hl=es&#38;entry=ttu', '', '', '', '3 Lineas ligadas \r\n2644454103 ( linea principal)\r\n2644866247\r\n2645298320 ', 'PENDIENTE DE VERIFICACION', 422851, 'WhatsApp Image 2024-04-19 at 14.16.38.jpeg', ''),
(138, 'martinaballesteros@vxt.com', 'PORTA', '2645298320', 'CLARO', 'ABONO', 'Omar Nicolas Funes ', '1963-06-01', '16523811', '20165238118', '2644181609', 'funesomarnicolas@yahoo.com.ar', 'CORPO 5GB', '350', 'todo el dia ', '2024-04-19', 'Honorio Pueyrredon Oeste ', '1734', '-', '-', 'Aberastain Sur y Paso de los Andes Sur', 'San Juan', 'Rivadavia', '5400', '', 'https://www.google.com/maps/place/31%C2%B032&#39;15.4%22S+68%C2%B035&#39;18.1%22W/@-31.5376065,-68.590936,17z/data=!3m1!4b1!4m4!3m3!8m2!3d-31.5376111!4d-68.5883611?hl=es&#38;entry=ttu', '', '', '', '3 Lineas ligadas \r\n2644454103 ( linea principal)\r\n2644866247\r\n2645298320 ', 'PENDIENTE DE VERIFICACION', 422851, 'WhatsApp Image 2024-04-19 at 14.16.32.jpeg', ''),
(139, 'martinaballesteros@vxt.com', 'PORTA', '2645298320', 'CLARO', 'ABONO', 'Omar Nicolas Funes ', '1963-06-01', '16523811', '20165238118', '2644181609', 'funesomarnicolas@yahoo.com.ar', 'CORPO 5GB', '350', 'todo el dia ', '2024-04-19', 'Honorio Pueyrredon Oeste ', '1734', '-', '-', 'Aberastain Sur y Paso de los Andes Sur', 'San Juan', 'Rivadavia', '5400', '', 'https://www.google.com/maps/place/31%C2%B032&#39;15.4%22S+68%C2%B035&#39;18.1%22W/@-31.5376065,-68.590936,17z/data=!3m1!4b1!4m4!3m3!8m2!3d-31.5376111!4d-68.5883611?hl=es&#38;entry=ttu', '', '', '', '3 Lineas ligadas \r\n2644454103 ( linea principal)\r\n2644866247\r\n2645298320 ', 'PENDIENTE DE VERIFICACION', 422851, 'factura-claro-03-2024-1 (1).pdf', ''),
(140, 'renatabresuti@vxt.com', 'PORTA', '1138664293', 'CLARO', 'ABONO', 'ROSENSTEIN PRICSILA IVONE', '1992-03-26', '36937011', '27369370117', '1123290288', 'priscilaivonerosenstein@gmail.com', 'CORPO 5GB', '360', '13hs', '2024-04-19', 'Estados Unidos del Brasil ', '3687', '', '', 'mariano moreno ', 'buenos aires', 'Florencio Varela ', '1887', '-34.81195525700341, -58.28231348244454', 'https://maps.app.goo.gl/E4LPzWyvmwwiUY6h7', '', '', '', '', 'PENDIENTE DE VERIFICACION', 422858, 'WhatsApp Image 2024-04-19 at 14.21.33.jpeg', ''),
(141, 'renatabresuti@vxt.com', 'PORTA', '1138664293', 'CLARO', 'ABONO', 'ROSENSTEIN PRICSILA IVONE', '1992-03-26', '36937011', '27369370117', '1123290288', 'priscilaivonerosenstein@gmail.com', 'CORPO 5GB', '360', '13hs', '2024-04-19', 'Estados Unidos del Brasil ', '3687', '', '', 'mariano moreno ', 'buenos aires', 'Florencio Varela ', '1887', '-34.81195525700341, -58.28231348244454', 'https://maps.app.goo.gl/E4LPzWyvmwwiUY6h7', '', '', '', '', 'PENDIENTE DE VERIFICACION', 422858, 'WhatsApp Image 2024-04-19 at 14.21.21.jpeg', ''),
(142, 'renatabresuti@vxt.com', 'PORTA', '1138664293', 'CLARO', 'ABONO', 'ROSENSTEIN PRICSILA IVONE', '1992-03-26', '36937011', '27369370117', '1123290288', 'priscilaivonerosenstein@gmail.com', 'CORPO 5GB', '360', '13hs', '2024-04-19', 'Estados Unidos del Brasil ', '3687', '', '', 'mariano moreno ', 'buenos aires', 'Florencio Varela ', '1887', '-34.81195525700341, -58.28231348244454', 'https://maps.app.goo.gl/E4LPzWyvmwwiUY6h7', '', '', '', '', 'PENDIENTE DE VERIFICACION', 422858, 'AFIP - ROSENSTEIN PRICSILA IVONE.pdf', ''),
(143, 'renatabresuti@vxt.com', 'PORTA', '1138664293', 'CLARO', 'ABONO', 'ROSENSTEIN PRICSILA IVONE', '1992-03-26', '36937011', '27369370117', '1123290288', 'priscilaivonerosenstein@gmail.com', 'CORPO 5GB', '360', '13hs', '2024-04-19', 'Estados Unidos del Brasil ', '3687', '', '', 'mariano moreno ', 'buenos aires', 'Florencio Varela ', '1887', '-34.81195525700341, -58.28231348244454', 'https://maps.app.goo.gl/E4LPzWyvmwwiUY6h7', '', '', '', '', 'PENDIENTE DE VERIFICACION', 422858, 'factura-claro-03-2024 (6).pdf', ''),
(144, 'martinsuarez@vxt.com', 'PORTA', '1130863607', 'CLARO', 'ABONO', 'YANCHAGUANO BRYAN ISRAEL LAMINGO', '1996-06-11', '95472293', '20954722938', '1137766836', 'bryan-israel1106@hotmail.com', 'CORPO 5GB', '98', 'Despues de las 16:00 hs', '2024-04-19', 'Azcuénaga ', '227 ', '1', 'B', 'sarmiento y juan domingo peron', 'buenos aires', 'balvanera', '1029', '-34.60655300798587, -58.4005181671558', 'https://www.google.com/maps/place/Azcu%C3%A9naga+227,+C1029AAE+Cdad.+Aut%C3%B3noma+de+Buenos+Aires/@-34.6093994,-58.4052533,15.79z/data=!4m6!3m5!1s0x95bccaec0eb68d5b:0x124ec3811c17a143!8m2!3d-34.6070546!4d-58.4005063!16s%2Fg%2F11c2fq8wt7?entry=ttu', '', '', '', '', 'PENDIENTE DE VERIFICACION', 422891, 'AFIP - Administración Federal de Ingresos Públicos.pdf', '');
INSERT INTO `ventas` (`id`, `vendedor`, `producto`, `linea`, `empresa`, `tipo`, `nombrecliente`, `fechanacimientocliente`, `documentocliente`, `cuitcliente`, `numeroalternativo`, `email`, `planes`, `score`, `verificacion`, `fechacarga`, `calle`, `numero`, `piso`, `dpto`, `entrecalles`, `provincia`, `localidad`, `codigopostal`, `coordenadas`, `linkgooglemaps`, `tarjetacredito`, `central`, `manzanaregistro`, `comentarios`, `estadoventa`, `numerosolicitud`, `archivo`, `fechaportacion`) VALUES
(145, 'martinsuarez@vxt.com', 'PORTA', '1130863607', 'CLARO', 'ABONO', 'YANCHAGUANO BRYAN ISRAEL LAMINGO', '1996-06-11', '95472293', '20954722938', '1137766836', 'bryan-israel1106@hotmail.com', 'CORPO 5GB', '98', 'Despues de las 16:00 hs', '2024-04-19', 'Azcuénaga ', '227 ', '1', 'B', 'sarmiento y juan domingo peron', 'buenos aires', 'balvanera', '1029', '-34.60655300798587, -58.4005181671558', 'https://www.google.com/maps/place/Azcu%C3%A9naga+227,+C1029AAE+Cdad.+Aut%C3%B3noma+de+Buenos+Aires/@-34.6093994,-58.4052533,15.79z/data=!4m6!3m5!1s0x95bccaec0eb68d5b:0x124ec3811c17a143!8m2!3d-34.6070546!4d-58.4005063!16s%2Fg%2F11c2fq8wt7?entry=ttu', '', '', '', '', 'PENDIENTE DE VERIFICACION', 422891, 'factura-claro-03-2024 (12).pdf', ''),
(146, 'martinsuarez@vxt.com', 'PORTA', '1130863607', 'CLARO', 'ABONO', 'YANCHAGUANO BRYAN ISRAEL LAMINGO', '1996-06-11', '95472293', '20954722938', '1137766836', 'bryan-israel1106@hotmail.com', 'CORPO 5GB', '98', 'Despues de las 16:00 hs', '2024-04-19', 'Azcuénaga ', '227 ', '1', 'B', 'sarmiento y juan domingo peron', 'buenos aires', 'balvanera', '1029', '-34.60655300798587, -58.4005181671558', 'https://www.google.com/maps/place/Azcu%C3%A9naga+227,+C1029AAE+Cdad.+Aut%C3%B3noma+de+Buenos+Aires/@-34.6093994,-58.4052533,15.79z/data=!4m6!3m5!1s0x95bccaec0eb68d5b:0x124ec3811c17a143!8m2!3d-34.6070546!4d-58.4005063!16s%2Fg%2F11c2fq8wt7?entry=ttu', '', '', '', '', 'PENDIENTE DE VERIFICACION', 422891, 'WhatsApp Image 2024-04-19 at 15.22.31.jpeg', ''),
(147, 'martinsuarez@vxt.com', 'PORTA', '1130863607', 'CLARO', 'ABONO', 'YANCHAGUANO BRYAN ISRAEL LAMINGO', '1996-06-11', '95472293', '20954722938', '1137766836', 'bryan-israel1106@hotmail.com', 'CORPO 5GB', '98', 'Despues de las 16:00 hs', '2024-04-19', 'Azcuénaga ', '227 ', '1', 'B', 'sarmiento y juan domingo peron', 'buenos aires', 'balvanera', '1029', '-34.60655300798587, -58.4005181671558', 'https://www.google.com/maps/place/Azcu%C3%A9naga+227,+C1029AAE+Cdad.+Aut%C3%B3noma+de+Buenos+Aires/@-34.6093994,-58.4052533,15.79z/data=!4m6!3m5!1s0x95bccaec0eb68d5b:0x124ec3811c17a143!8m2!3d-34.6070546!4d-58.4005063!16s%2Fg%2F11c2fq8wt7?entry=ttu', '', '', '', '', 'PENDIENTE DE VERIFICACION', 422891, 'WhatsApp Image 2024-04-19 at 15.22.49.jpeg', ''),
(148, 'martinsuarez@vxt.com', 'PORTA', '2994066088', 'CLARO', 'ABONO', 'MARIANA ANAHI GARCIA', '1972-11-07', '23098825', '27230988256', '2994086705', 'anahiarin@hotmail.com', 'CORPO 5GB', '555', 'por la mañana antes del medio dia', '2024-04-19', 'Gral. Conrado Villegas ', '772', '', '', 'manuel alberti y domingo basavilbaso', 'neuquen', 'neuquen', '8300', '-38.94543220832401, -68.04813454692004', 'https://www.google.com/maps/place/Gral.+Conrado+Villegas+772,+Q8300+Neuqu%C3%A9n/@-38.9506951,-68.0585128,14.5z/data=!4m5!3m4!1s0x960a33d7fdac751b:0xa171ee23d3235926!8m2!3d-38.9467096!4d-68.0480941?entry=ttu', '', '', '', '', 'PENDIENTE DE VERIFICACION', 422892, 'AFIP - Administración Federal de Ingresos Públicos.pdf', ''),
(149, 'martinsuarez@vxt.com', 'PORTA', '2994066088', 'CLARO', 'ABONO', 'MARIANA ANAHI GARCIA', '1972-11-07', '23098825', '27230988256', '2994086705', 'anahiarin@hotmail.com', 'CORPO 5GB', '555', 'por la mañana antes del medio dia', '2024-04-19', 'Gral. Conrado Villegas ', '772', '', '', 'manuel alberti y domingo basavilbaso', 'neuquen', 'neuquen', '8300', '-38.94543220832401, -68.04813454692004', 'https://www.google.com/maps/place/Gral.+Conrado+Villegas+772,+Q8300+Neuqu%C3%A9n/@-38.9506951,-68.0585128,14.5z/data=!4m5!3m4!1s0x960a33d7fdac751b:0xa171ee23d3235926!8m2!3d-38.9467096!4d-68.0480941?entry=ttu', '', '', '', '', 'PENDIENTE DE VERIFICACION', 422892, 'factura-claro-03-2024  Mariana.pdf', ''),
(150, 'martinsuarez@vxt.com', 'PORTA', '2994066088', 'CLARO', 'ABONO', 'MARIANA ANAHI GARCIA', '1972-11-07', '23098825', '27230988256', '2994086705', 'anahiarin@hotmail.com', 'CORPO 5GB', '555', 'por la mañana antes del medio dia', '2024-04-19', 'Gral. Conrado Villegas ', '772', '', '', 'manuel alberti y domingo basavilbaso', 'neuquen', 'neuquen', '8300', '-38.94543220832401, -68.04813454692004', 'https://www.google.com/maps/place/Gral.+Conrado+Villegas+772,+Q8300+Neuqu%C3%A9n/@-38.9506951,-68.0585128,14.5z/data=!4m5!3m4!1s0x960a33d7fdac751b:0xa171ee23d3235926!8m2!3d-38.9467096!4d-68.0480941?entry=ttu', '', '', '', '', 'PENDIENTE DE VERIFICACION', 422892, 'WhatsApp Image 2024-04-19 at 16.10.53.jpeg', ''),
(151, 'martinsuarez@vxt.com', 'PORTA', '2994066088', 'CLARO', 'ABONO', 'MARIANA ANAHI GARCIA', '1972-11-07', '23098825', '27230988256', '2994086705', 'anahiarin@hotmail.com', 'CORPO 5GB', '555', 'por la mañana antes del medio dia', '2024-04-19', 'Gral. Conrado Villegas ', '772', '', '', 'manuel alberti y domingo basavilbaso', 'neuquen', 'neuquen', '8300', '-38.94543220832401, -68.04813454692004', 'https://www.google.com/maps/place/Gral.+Conrado+Villegas+772,+Q8300+Neuqu%C3%A9n/@-38.9506951,-68.0585128,14.5z/data=!4m5!3m4!1s0x960a33d7fdac751b:0xa171ee23d3235926!8m2!3d-38.9467096!4d-68.0480941?entry=ttu', '', '', '', '', 'PENDIENTE DE VERIFICACION', 422892, 'WhatsApp Image 2024-04-19 at 16.11.22.jpeg', ''),
(152, 'martinaballesteros@vxt.com', 'PORTA', '1138608960', 'CLARO', 'ABONO', 'Irina Yael Rojo ', '1985-08-26', '31829620', '27318296206', '11452805760', 'mis.3.estrellitas@hotmail.com', 'CORPO 5GB', '360', 'todo el dia ', '2024-04-22', 'Nueva York ', '7039', '-', '-', 'Guandacol y Maximo Herrera', 'Buenos Aires', 'Virrey del Pino ', 'B1764', '', 'https://www.google.com/maps/place/Nueva+York+7039,+B1764ANC+Virrey+del+Pino,+Provincia+de+Buenos+Aires/@-34.8569233,-58.6545472,17z/data=!3m1!4b1!4m9!1m2!2m1!1sNueva+York+7039,+Virrey+del+Pino,+Buenos+Aires+Province!3m5!1s0x95bcdc7eec7e1e7f:0x856dafaf4405e3c7!8m2!3d-34.8569278!4d-58.6499338!15sCjdOdWV2YSBZb3JrIDcwMzksIFZpcnJleSBkZWwgUGlubywgQnVlbm9zIEFpcmVzIFByb3ZpbmNlkgEQZ2VvY29kZWRfYWRkcmVzc-ABAA?entry=ttu', '', '', '', '', 'PENDIENTE DE VERIFICACION', 423335, 'WhatsApp Image 2024-04-22 at 11.57.26.jpeg', ''),
(153, 'martinaballesteros@vxt.com', 'PORTA', '1138608960', 'CLARO', 'ABONO', 'Irina Yael Rojo ', '1985-08-26', '31829620', '27318296206', '11452805760', 'mis.3.estrellitas@hotmail.com', 'CORPO 5GB', '360', 'todo el dia ', '2024-04-22', 'Nueva York ', '7039', '-', '-', 'Guandacol y Maximo Herrera', 'Buenos Aires', 'Virrey del Pino ', 'B1764', '', 'https://www.google.com/maps/place/Nueva+York+7039,+B1764ANC+Virrey+del+Pino,+Provincia+de+Buenos+Aires/@-34.8569233,-58.6545472,17z/data=!3m1!4b1!4m9!1m2!2m1!1sNueva+York+7039,+Virrey+del+Pino,+Buenos+Aires+Province!3m5!1s0x95bcdc7eec7e1e7f:0x856dafaf4405e3c7!8m2!3d-34.8569278!4d-58.6499338!15sCjdOdWV2YSBZb3JrIDcwMzksIFZpcnJleSBkZWwgUGlubywgQnVlbm9zIEFpcmVzIFByb3ZpbmNlkgEQZ2VvY29kZWRfYWRkcmVzc-ABAA?entry=ttu', '', '', '', '', 'PENDIENTE DE VERIFICACION', 423335, 'WhatsApp Image 2024-04-22 at 11.57.11.jpeg', ''),
(154, 'martinaballesteros@vxt.com', 'PORTA', '1138608960', 'CLARO', 'ABONO', 'Irina Yael Rojo ', '1985-08-26', '31829620', '27318296206', '11452805760', 'mis.3.estrellitas@hotmail.com', 'CORPO 5GB', '360', 'todo el dia ', '2024-04-22', 'Nueva York ', '7039', '-', '-', 'Guandacol y Maximo Herrera', 'Buenos Aires', 'Virrey del Pino ', 'B1764', '', 'https://www.google.com/maps/place/Nueva+York+7039,+B1764ANC+Virrey+del+Pino,+Provincia+de+Buenos+Aires/@-34.8569233,-58.6545472,17z/data=!3m1!4b1!4m9!1m2!2m1!1sNueva+York+7039,+Virrey+del+Pino,+Buenos+Aires+Province!3m5!1s0x95bcdc7eec7e1e7f:0x856dafaf4405e3c7!8m2!3d-34.8569278!4d-58.6499338!15sCjdOdWV2YSBZb3JrIDcwMzksIFZpcnJleSBkZWwgUGlubywgQnVlbm9zIEFpcmVzIFByb3ZpbmNlkgEQZ2VvY29kZWRfYWRkcmVzc-ABAA?entry=ttu', '', '', '', '', 'PENDIENTE DE VERIFICACION', 423335, 'AFIP - Administración Federal de Ingresos Públicos Irina Yael.pdf', ''),
(155, 'martinaballesteros@vxt.com', 'PORTA', '1138608960', 'CLARO', 'ABONO', 'Irina Yael Rojo ', '1985-08-26', '31829620', '27318296206', '11452805760', 'mis.3.estrellitas@hotmail.com', 'CORPO 5GB', '360', 'todo el dia ', '2024-04-22', 'Nueva York ', '7039', '-', '-', 'Guandacol y Maximo Herrera', 'Buenos Aires', 'Virrey del Pino ', 'B1764', '', 'https://www.google.com/maps/place/Nueva+York+7039,+B1764ANC+Virrey+del+Pino,+Provincia+de+Buenos+Aires/@-34.8569233,-58.6545472,17z/data=!3m1!4b1!4m9!1m2!2m1!1sNueva+York+7039,+Virrey+del+Pino,+Buenos+Aires+Province!3m5!1s0x95bcdc7eec7e1e7f:0x856dafaf4405e3c7!8m2!3d-34.8569278!4d-58.6499338!15sCjdOdWV2YSBZb3JrIDcwMzksIFZpcnJleSBkZWwgUGlubywgQnVlbm9zIEFpcmVzIFByb3ZpbmNlkgEQZ2VvY29kZWRfYWRkcmVzc-ABAA?entry=ttu', '', '', '', '', 'PENDIENTE DE VERIFICACION', 423335, 'factura-claro-03-2024 (18).pdf', ''),
(156, 'martinaballesteros@vxt.com', 'PORTA', '2914396699', 'CLARO', 'ABONO', ' NEHUEN EMMANUEL QUIMEY LAMAS GUANUCO', '1997-09-05', '40099304', '20400993042', '2914222169', 'nehuenlamas@gmail.com', '﻿5GB', '350', 'todo el dia ', '2024-04-22', '17 de mayo ', '389', '-', '-', 'Viamonte y Castelli', 'Buenos Aires', 'Bahía Blanca', 'B8003', '', 'https://www.google.com/maps/place/17+de+Mayo+389,+B8003HEG+Bah%C3%ADa+Blanca,+Provincia+de+Buenos+Aires/@-38.7048901,-62.2972127,17z/data=!3m1!4b1!4m5!3m4!1s0x95edbb6f65052b67:0x620c674d6acbde5f!8m2!3d-38.7048943!4d-62.2946378?entry=ttu', '', '', '', '', 'PENDIENTE DE VERIFICACION', 423337, '', ''),
(157, 'renatabresuti@vxt.com', 'PORTA', '1160363504', 'CLARO', 'ABONO', 'RODRIGO SEBASTIAN HUNCO', '1986-02-23', '32279341', '20322793414', '1166770190', 'roy.hunko@gmail.com', 'CORPO 5GB', '351', '13hs', '2024-04-22', 'C. brughetti ', '3502', '', '', 'San Blas y Tegucigalpa ', 'buenos aires', 'jose c paz ', '1666', '-34.493138605579965, -58.78618861848478', 'https://www.google.com/maps/place/C.+Brughetti+3502,+B1666+Jos%C3%A9+C.+Paz,+Provincia+de+Buenos+Aires/@-34.4932934,-58.7887206,17z/data=!3m1!4b1!4m6!3m5!1s0x95bc9998eb92074b:0x3fb241b3015ef7d1!8m2!3d-34.4932978!4d-58.7861457!16s%2Fg%2F11kjy0z1b_?entry=ttu', '', '', '', 'líneas ligadas: 1160363504//1127710016', 'PENDIENTE DE VERIFICACION', 423339, 'WhatsApp Image 2024-04-22 at 12.34.37.jpeg', ''),
(158, 'renatabresuti@vxt.com', 'PORTA', '1160363504', 'CLARO', 'ABONO', 'RODRIGO SEBASTIAN HUNCO', '1986-02-23', '32279341', '20322793414', '1166770190', 'roy.hunko@gmail.com', 'CORPO 5GB', '351', '13hs', '2024-04-22', 'C. brughetti ', '3502', '', '', 'San Blas y Tegucigalpa ', 'buenos aires', 'jose c paz ', '1666', '-34.493138605579965, -58.78618861848478', 'https://www.google.com/maps/place/C.+Brughetti+3502,+B1666+Jos%C3%A9+C.+Paz,+Provincia+de+Buenos+Aires/@-34.4932934,-58.7887206,17z/data=!3m1!4b1!4m6!3m5!1s0x95bc9998eb92074b:0x3fb241b3015ef7d1!8m2!3d-34.4932978!4d-58.7861457!16s%2Fg%2F11kjy0z1b_?entry=ttu', '', '', '', 'líneas ligadas: 1160363504//1127710016', 'PENDIENTE DE VERIFICACION', 423339, 'WhatsApp Image 2024-04-22 at 12.34.28.jpeg', ''),
(159, 'renatabresuti@vxt.com', 'PORTA', '1160363504', 'CLARO', 'ABONO', 'RODRIGO SEBASTIAN HUNCO', '1986-02-23', '32279341', '20322793414', '1166770190', 'roy.hunko@gmail.com', 'CORPO 5GB', '351', '13hs', '2024-04-22', 'C. brughetti ', '3502', '', '', 'San Blas y Tegucigalpa ', 'buenos aires', 'jose c paz ', '1666', '-34.493138605579965, -58.78618861848478', 'https://www.google.com/maps/place/C.+Brughetti+3502,+B1666+Jos%C3%A9+C.+Paz,+Provincia+de+Buenos+Aires/@-34.4932934,-58.7887206,17z/data=!3m1!4b1!4m6!3m5!1s0x95bc9998eb92074b:0x3fb241b3015ef7d1!8m2!3d-34.4932978!4d-58.7861457!16s%2Fg%2F11kjy0z1b_?entry=ttu', '', '', '', 'líneas ligadas: 1160363504//1127710016', 'PENDIENTE DE VERIFICACION', 423339, 'AFIP - RODRIGO SEBASTIAN HUNCO.pdf', ''),
(160, 'renatabresuti@vxt.com', 'PORTA', '1160363504', 'CLARO', 'ABONO', 'RODRIGO SEBASTIAN HUNCO', '1986-02-23', '32279341', '20322793414', '1166770190', 'roy.hunko@gmail.com', 'CORPO 5GB', '351', '13hs', '2024-04-22', 'C. brughetti ', '3502', '', '', 'San Blas y Tegucigalpa ', 'buenos aires', 'jose c paz ', '1666', '-34.493138605579965, -58.78618861848478', 'https://www.google.com/maps/place/C.+Brughetti+3502,+B1666+Jos%C3%A9+C.+Paz,+Provincia+de+Buenos+Aires/@-34.4932934,-58.7887206,17z/data=!3m1!4b1!4m6!3m5!1s0x95bc9998eb92074b:0x3fb241b3015ef7d1!8m2!3d-34.4932978!4d-58.7861457!16s%2Fg%2F11kjy0z1b_?entry=ttu', '', '', '', 'líneas ligadas: 1160363504//1127710016', 'PENDIENTE DE VERIFICACION', 423339, 'factura-claro-03-2024 (8).pdf', ''),
(161, 'renatabresuti@vxt.com', 'PORTA', '1127710016', 'CLARO', 'ABONO', 'RODRIGO SEBASTIAN HUNCO', '1986-02-23', '32279341', '20322793414', '1166770190', 'roy.hunko@gmail.com', 'CORPO 5GB', '351', '13hs', '2024-04-22', 'C. brughetti ', '3502', '', '', 'San Blas y Tegucigalpa ', 'buenos aires', 'jose c paz ', '1666', '-34.493138605579965, -58.78618861848478', 'https://www.google.com/maps/place/C.+Brughetti+3502,+B1666+Jos%C3%A9+C.+Paz,+Provincia+de+Buenos+Aires/@-34.4932934,-58.7887206,17z/data=!3m1!4b1!4m6!3m5!1s0x95bc9998eb92074b:0x3fb241b3015ef7d1!8m2!3d-34.4932978!4d-58.7861457!16s%2Fg%2F11kjy0z1b_?entry=ttu', '', '', '', 'líneas ligadas: 1160363504//1127710016', 'PENDIENTE DE VERIFICACION', 423340, 'factura-claro-04-2024-1 (1) (1).pdf', ''),
(162, 'renatabresuti@vxt.com', 'PORTA', '1127710016', 'CLARO', 'ABONO', 'RODRIGO SEBASTIAN HUNCO', '1986-02-23', '32279341', '20322793414', '1166770190', 'roy.hunko@gmail.com', 'CORPO 5GB', '351', '13hs', '2024-04-22', 'C. brughetti ', '3502', '', '', 'San Blas y Tegucigalpa ', 'buenos aires', 'jose c paz ', '1666', '-34.493138605579965, -58.78618861848478', 'https://www.google.com/maps/place/C.+Brughetti+3502,+B1666+Jos%C3%A9+C.+Paz,+Provincia+de+Buenos+Aires/@-34.4932934,-58.7887206,17z/data=!3m1!4b1!4m6!3m5!1s0x95bc9998eb92074b:0x3fb241b3015ef7d1!8m2!3d-34.4932978!4d-58.7861457!16s%2Fg%2F11kjy0z1b_?entry=ttu', '', '', '', 'líneas ligadas: 1160363504//1127710016', 'PENDIENTE DE VERIFICACION', 423340, 'WhatsApp Image 2024-04-22 at 12.34.37.jpeg', ''),
(163, 'renatabresuti@vxt.com', 'PORTA', '1127710016', 'CLARO', 'ABONO', 'RODRIGO SEBASTIAN HUNCO', '1986-02-23', '32279341', '20322793414', '1166770190', 'roy.hunko@gmail.com', 'CORPO 5GB', '351', '13hs', '2024-04-22', 'C. brughetti ', '3502', '', '', 'San Blas y Tegucigalpa ', 'buenos aires', 'jose c paz ', '1666', '-34.493138605579965, -58.78618861848478', 'https://www.google.com/maps/place/C.+Brughetti+3502,+B1666+Jos%C3%A9+C.+Paz,+Provincia+de+Buenos+Aires/@-34.4932934,-58.7887206,17z/data=!3m1!4b1!4m6!3m5!1s0x95bc9998eb92074b:0x3fb241b3015ef7d1!8m2!3d-34.4932978!4d-58.7861457!16s%2Fg%2F11kjy0z1b_?entry=ttu', '', '', '', 'líneas ligadas: 1160363504//1127710016', 'PENDIENTE DE VERIFICACION', 423340, 'WhatsApp Image 2024-04-22 at 12.34.28.jpeg', ''),
(164, 'renatabresuti@vxt.com', 'PORTA', '1127710016', 'CLARO', 'ABONO', 'RODRIGO SEBASTIAN HUNCO', '1986-02-23', '32279341', '20322793414', '1166770190', 'roy.hunko@gmail.com', 'CORPO 5GB', '351', '13hs', '2024-04-22', 'C. brughetti ', '3502', '', '', 'San Blas y Tegucigalpa ', 'buenos aires', 'jose c paz ', '1666', '-34.493138605579965, -58.78618861848478', 'https://www.google.com/maps/place/C.+Brughetti+3502,+B1666+Jos%C3%A9+C.+Paz,+Provincia+de+Buenos+Aires/@-34.4932934,-58.7887206,17z/data=!3m1!4b1!4m6!3m5!1s0x95bc9998eb92074b:0x3fb241b3015ef7d1!8m2!3d-34.4932978!4d-58.7861457!16s%2Fg%2F11kjy0z1b_?entry=ttu', '', '', '', 'líneas ligadas: 1160363504//1127710016', 'PENDIENTE DE VERIFICACION', 423340, 'AFIP - RODRIGO SEBASTIAN HUNCO.pdf', ''),
(165, 'renatabresuti@vxt.com', 'PORTA', '1166770190', 'CLARO', 'ABONO', ' MARIANA SOLEDAD SARMIENTO', '1981-06-09', '28846312', '27288463129', '1160363504', 'hms.sarmiento@gmail.com', 'CORPO 5GB', '351', '13hs', '2024-04-22', 'C. brughetti ', '3502', '', '', 'San Blas y Tegucigalpa ', 'buenos aires', 'jose c paz ', '1666', '-34.493138605579965, -58.78618861848478', 'https://www.google.com/maps/place/C.+Brughetti+3502,+B1666+Jos%C3%A9+C.+Paz,+Provincia+de+Buenos+Aires/@-34.4932934,-58.7887206,17z/data=!3m1!4b1!4m6!3m5!1s0x95bc9998eb92074b:0x3fb241b3015ef7d1!8m2!3d-34.4932978!4d-58.7861457!16s%2Fg%2F11kjy0z1b_?entry=ttu', '', '', '', '', 'PENDIENTE DE VERIFICACION', 423344, 'AFIP - MARIANA SOLEDAD SARMIENTO (1).pdf', ''),
(166, 'renatabresuti@vxt.com', 'PORTA', '1166770190', 'CLARO', 'ABONO', ' MARIANA SOLEDAD SARMIENTO', '1981-06-09', '28846312', '27288463129', '1160363504', 'hms.sarmiento@gmail.com', 'CORPO 5GB', '351', '13hs', '2024-04-22', 'C. brughetti ', '3502', '', '', 'San Blas y Tegucigalpa ', 'buenos aires', 'jose c paz ', '1666', '-34.493138605579965, -58.78618861848478', 'https://www.google.com/maps/place/C.+Brughetti+3502,+B1666+Jos%C3%A9+C.+Paz,+Provincia+de+Buenos+Aires/@-34.4932934,-58.7887206,17z/data=!3m1!4b1!4m6!3m5!1s0x95bc9998eb92074b:0x3fb241b3015ef7d1!8m2!3d-34.4932978!4d-58.7861457!16s%2Fg%2F11kjy0z1b_?entry=ttu', '', '', '', '', 'PENDIENTE DE VERIFICACION', 423344, 'WhatsApp Image 2024-04-22 at 12.37.06.jpeg', ''),
(167, 'renatabresuti@vxt.com', 'PORTA', '1166770190', 'CLARO', 'ABONO', ' MARIANA SOLEDAD SARMIENTO', '1981-06-09', '28846312', '27288463129', '1160363504', 'hms.sarmiento@gmail.com', 'CORPO 5GB', '351', '13hs', '2024-04-22', 'C. brughetti ', '3502', '', '', 'San Blas y Tegucigalpa ', 'buenos aires', 'jose c paz ', '1666', '-34.493138605579965, -58.78618861848478', 'https://www.google.com/maps/place/C.+Brughetti+3502,+B1666+Jos%C3%A9+C.+Paz,+Provincia+de+Buenos+Aires/@-34.4932934,-58.7887206,17z/data=!3m1!4b1!4m6!3m5!1s0x95bc9998eb92074b:0x3fb241b3015ef7d1!8m2!3d-34.4932978!4d-58.7861457!16s%2Fg%2F11kjy0z1b_?entry=ttu', '', '', '', '', 'PENDIENTE DE VERIFICACION', 423344, 'WhatsApp Image 2024-04-22 at 12.36.54.jpeg', ''),
(168, 'renatabresuti@vxt.com', 'PORTA', '1166770190', 'CLARO', 'ABONO', ' MARIANA SOLEDAD SARMIENTO', '1981-06-09', '28846312', '27288463129', '1160363504', 'hms.sarmiento@gmail.com', 'CORPO 5GB', '351', '13hs', '2024-04-22', 'C. brughetti ', '3502', '', '', 'San Blas y Tegucigalpa ', 'buenos aires', 'jose c paz ', '1666', '-34.493138605579965, -58.78618861848478', 'https://www.google.com/maps/place/C.+Brughetti+3502,+B1666+Jos%C3%A9+C.+Paz,+Provincia+de+Buenos+Aires/@-34.4932934,-58.7887206,17z/data=!3m1!4b1!4m6!3m5!1s0x95bc9998eb92074b:0x3fb241b3015ef7d1!8m2!3d-34.4932978!4d-58.7861457!16s%2Fg%2F11kjy0z1b_?entry=ttu', '', '', '', '', 'PENDIENTE DE VERIFICACION', 423344, 'factura-claro-03-2024 (8) (1).pdf', ''),
(169, 'renatabresuti@vxt.com', 'PORTA', '1130616230', 'CLARO', 'ABONO', 'CLAUDIO FABIAN RIOS ', '1970-11-05', '21922535', '20219225351', '1125689412', 'riosclaudiofabian5@gmail.com', 'CORPO 5GB', '360', 'llamar hoy después de las 17hs ', '2024-04-22', 'Estanislao del campo ', '1176', '', '', 'piñero y 18 de octubre', 'buenos aires', 'jose c paz ', '1666', '-34.51875373407652, -58.77243900314311', 'https://www.google.com/maps/place/Estanislao+del+Campo+1176,+B1666JBK+Jos%C3%A9+C.+Paz,+Provincia+de+Buenos+Aires/@-34.5192068,-58.7740698,18z/data=!4m5!3m4!1s0x95bc982ffcc2dca9:0x31a9eefe84f0e8da!8m2!3d-34.5188731!4d-58.772439?entry=ttu', '', '', '', '', 'PENDIENTE DE VERIFICACION', 423347, 'factura-claro-04-2024 (5).pdf', ''),
(170, 'renatabresuti@vxt.com', 'PORTA', '1130616230', 'CLARO', 'ABONO', 'CLAUDIO FABIAN RIOS ', '1970-11-05', '21922535', '20219225351', '1125689412', 'riosclaudiofabian5@gmail.com', 'CORPO 5GB', '360', 'llamar hoy después de las 17hs ', '2024-04-22', 'Estanislao del campo ', '1176', '', '', 'piñero y 18 de octubre', 'buenos aires', 'jose c paz ', '1666', '-34.51875373407652, -58.77243900314311', 'https://www.google.com/maps/place/Estanislao+del+Campo+1176,+B1666JBK+Jos%C3%A9+C.+Paz,+Provincia+de+Buenos+Aires/@-34.5192068,-58.7740698,18z/data=!4m5!3m4!1s0x95bc982ffcc2dca9:0x31a9eefe84f0e8da!8m2!3d-34.5188731!4d-58.772439?entry=ttu', '', '', '', '', 'PENDIENTE DE VERIFICACION', 423347, 'WhatsApp Image 2024-04-22 at 13.57.36.jpeg', ''),
(171, 'renatabresuti@vxt.com', 'PORTA', '1130616230', 'CLARO', 'ABONO', 'CLAUDIO FABIAN RIOS ', '1970-11-05', '21922535', '20219225351', '1125689412', 'riosclaudiofabian5@gmail.com', 'CORPO 5GB', '360', 'llamar hoy después de las 17hs ', '2024-04-22', 'Estanislao del campo ', '1176', '', '', 'piñero y 18 de octubre', 'buenos aires', 'jose c paz ', '1666', '-34.51875373407652, -58.77243900314311', 'https://www.google.com/maps/place/Estanislao+del+Campo+1176,+B1666JBK+Jos%C3%A9+C.+Paz,+Provincia+de+Buenos+Aires/@-34.5192068,-58.7740698,18z/data=!4m5!3m4!1s0x95bc982ffcc2dca9:0x31a9eefe84f0e8da!8m2!3d-34.5188731!4d-58.772439?entry=ttu', '', '', '', '', 'PENDIENTE DE VERIFICACION', 423347, 'WhatsApp Image 2024-04-22 at 13.57.14.jpeg', ''),
(172, 'renatabresuti@vxt.com', 'PORTA', '1130616230', 'CLARO', 'ABONO', 'CLAUDIO FABIAN RIOS ', '1970-11-05', '21922535', '20219225351', '1125689412', 'riosclaudiofabian5@gmail.com', 'CORPO 5GB', '360', 'llamar hoy después de las 17hs ', '2024-04-22', 'Estanislao del campo ', '1176', '', '', 'piñero y 18 de octubre', 'buenos aires', 'jose c paz ', '1666', '-34.51875373407652, -58.77243900314311', 'https://www.google.com/maps/place/Estanislao+del+Campo+1176,+B1666JBK+Jos%C3%A9+C.+Paz,+Provincia+de+Buenos+Aires/@-34.5192068,-58.7740698,18z/data=!4m5!3m4!1s0x95bc982ffcc2dca9:0x31a9eefe84f0e8da!8m2!3d-34.5188731!4d-58.772439?entry=ttu', '', '', '', '', 'PENDIENTE DE VERIFICACION', 423347, 'AFIP- CLAUDIO FABIAN RIOS.pdf', ''),
(173, 'renatabresuti@vxt.com', 'PORTA', '1122668830', 'CLARO', 'ABONO', 'ISAIAS DAVID FABREGAS ', '1987-10-17', '33286849', '20332868498', '1165789555', 'fabregasisaiasdavid@gmail.com', 'CORPO 5GB', '351', '15hs ', '2024-04-22', 'BOUCHARD ', '1343', '', '', 'cantilo y españa ', 'buenos aires', 'SAN VICENTE ', '1865', '-35.030126112388025, -58.407479752199116', 'https://www.google.com/maps/place/Bouchard+1343,+B1865GGG+San+Vicente,+Provincia+de+Buenos+Aires/@-35.0301854,-58.4093948,18z/data=!4m5!3m4!1s0x95bd2d051faa21b1:0xad092fc875385604!8m2!3d-35.0302096!4d-58.4075173?entry=ttu', '', '', '', '', 'PENDIENTE DE VERIFICACION', 423380, 'WhatsApp Image 2024-04-22 at 15.30.30.jpeg', ''),
(174, 'renatabresuti@vxt.com', 'PORTA', '1122668830', 'CLARO', 'ABONO', 'ISAIAS DAVID FABREGAS ', '1987-10-17', '33286849', '20332868498', '1165789555', 'fabregasisaiasdavid@gmail.com', 'CORPO 5GB', '351', '15hs ', '2024-04-22', 'BOUCHARD ', '1343', '', '', 'cantilo y españa ', 'buenos aires', 'SAN VICENTE ', '1865', '-35.030126112388025, -58.407479752199116', 'https://www.google.com/maps/place/Bouchard+1343,+B1865GGG+San+Vicente,+Provincia+de+Buenos+Aires/@-35.0301854,-58.4093948,18z/data=!4m5!3m4!1s0x95bd2d051faa21b1:0xad092fc875385604!8m2!3d-35.0302096!4d-58.4075173?entry=ttu', '', '', '', '', 'PENDIENTE DE VERIFICACION', 423380, 'WhatsApp Image 2024-04-22 at 15.30.20.jpeg', ''),
(175, 'renatabresuti@vxt.com', 'PORTA', '1122668830', 'CLARO', 'ABONO', 'ISAIAS DAVID FABREGAS ', '1987-10-17', '33286849', '20332868498', '1165789555', 'fabregasisaiasdavid@gmail.com', 'CORPO 5GB', '351', '15hs ', '2024-04-22', 'BOUCHARD ', '1343', '', '', 'cantilo y españa ', 'buenos aires', 'SAN VICENTE ', '1865', '-35.030126112388025, -58.407479752199116', 'https://www.google.com/maps/place/Bouchard+1343,+B1865GGG+San+Vicente,+Provincia+de+Buenos+Aires/@-35.0301854,-58.4093948,18z/data=!4m5!3m4!1s0x95bd2d051faa21b1:0xad092fc875385604!8m2!3d-35.0302096!4d-58.4075173?entry=ttu', '', '', '', '', 'PENDIENTE DE VERIFICACION', 423380, 'AFIP - ISAIAS DAVID FABREGAS.pdf', ''),
(176, 'renatabresuti@vxt.com', 'PORTA', '1122668830', 'CLARO', 'ABONO', 'ISAIAS DAVID FABREGAS ', '1987-10-17', '33286849', '20332868498', '1165789555', 'fabregasisaiasdavid@gmail.com', 'CORPO 5GB', '351', '15hs ', '2024-04-22', 'BOUCHARD ', '1343', '', '', 'cantilo y españa ', 'buenos aires', 'SAN VICENTE ', '1865', '-35.030126112388025, -58.407479752199116', 'https://www.google.com/maps/place/Bouchard+1343,+B1865GGG+San+Vicente,+Provincia+de+Buenos+Aires/@-35.0301854,-58.4093948,18z/data=!4m5!3m4!1s0x95bd2d051faa21b1:0xad092fc875385604!8m2!3d-35.0302096!4d-58.4075173?entry=ttu', '', '', '', '', 'PENDIENTE DE VERIFICACION', 423380, 'factura-claro-04-2024 (6).pdf', '');

--
-- Índices para tablas volcadas
--

--
-- Indices de la tabla `datosusuarios`
--
ALTER TABLE `datosusuarios`
  ADD PRIMARY KEY (`id`);

--
-- Indices de la tabla `historialegresos`
--
ALTER TABLE `historialegresos`
  ADD PRIMARY KEY (`id`);

--
-- Indices de la tabla `historialingresos`
--
ALTER TABLE `historialingresos`
  ADD PRIMARY KEY (`id`);

--
-- Indices de la tabla `listaventastotal`
--
ALTER TABLE `listaventastotal`
  ADD PRIMARY KEY (`id`);

--
-- Indices de la tabla `usuarios`
--
ALTER TABLE `usuarios`
  ADD PRIMARY KEY (`id`);

--
-- Indices de la tabla `ventas`
--
ALTER TABLE `ventas`
  ADD PRIMARY KEY (`id`),
  ADD KEY `idx_ventas_documentocliente_aprobada` (`documentocliente`),
  ADD KEY `idx_documentocliente_partial` (`documentocliente`);

--
-- AUTO_INCREMENT de las tablas volcadas
--

--
-- AUTO_INCREMENT de la tabla `datosusuarios`
--
ALTER TABLE `datosusuarios`
  MODIFY `id` int(11) NOT NULL AUTO_INCREMENT;

--
-- AUTO_INCREMENT de la tabla `historialegresos`
--
ALTER TABLE `historialegresos`
  MODIFY `id` int(11) NOT NULL AUTO_INCREMENT, AUTO_INCREMENT=22;

--
-- AUTO_INCREMENT de la tabla `historialingresos`
--
ALTER TABLE `historialingresos`
  MODIFY `id` int(11) NOT NULL AUTO_INCREMENT, AUTO_INCREMENT=66;

--
-- AUTO_INCREMENT de la tabla `listaventastotal`
--
ALTER TABLE `listaventastotal`
  MODIFY `id` int(11) NOT NULL AUTO_INCREMENT;

--
-- AUTO_INCREMENT de la tabla `usuarios`
--
ALTER TABLE `usuarios`
  MODIFY `id` int(11) NOT NULL AUTO_INCREMENT, AUTO_INCREMENT=42;

--
-- AUTO_INCREMENT de la tabla `ventas`
--
ALTER TABLE `ventas`
  MODIFY `id` int(11) NOT NULL AUTO_INCREMENT, AUTO_INCREMENT=177;
COMMIT;

/*!40101 SET CHARACTER_SET_CLIENT=@OLD_CHARACTER_SET_CLIENT */;
/*!40101 SET CHARACTER_SET_RESULTS=@OLD_CHARACTER_SET_RESULTS */;
/*!40101 SET COLLATION_CONNECTION=@OLD_COLLATION_CONNECTION */;
